@0000
0FF0
1C3A
0001
07F0
143A
8400
0002
8400
041F
1400
C200
07F0
143A
C200
C200
0400
C200
C200
65E0
C400
0804
2600
0002
8400
CC00
65E0
0001
8400
01DB
1004
A000
E300
0400
C200
C200
C200
0400
C200
CC00
0001
7000
88FF
0002
7000
7400
C200
CC00
0001
7000
88FE
0401
C200
CC00
0001
7000
88FD
0001
7000
74FD
C200
0400
C200
CA00
C800
3100
9402
0400
9E01
07FF
C200
CA00
C000
61A0
C800
9403
009F
1000
A000
0002
7000
74FF
C200
0001
7000
74FD
C200
CA00
C800
4400
C200
0400
C200
CA00
C800
3100
9402
0400
9E01
07FF
C200
CA00
C000
61A0
C800
9403
007C
1000
A000
0001
7000
74FF
C200
0001
7000
74FE
C200
CA00
C800
2400
C200
CC00
0001
7000
88FF
0001
7000
74FE
C200
0001
7000
74FE
C200
CA00
C800
2400
C200
CC00
0001
7000
88FE
0001
7000
74FD
C200
0001
7000
74FD
C200
CA00
C800
2400
C200
CC00
0001
7000
88FD
0038
1000
A000
0001
7000
74FF
C200
0001
7400
000E
8400
61A0
7404
000D
8400
CA00
0002
7000
8400
0002
7400
6DA0
000E
7000
7400
0004
8400
000E
7000
7401
0003
8400
000E
7000
7402
0002
8400
000E
7000
7403
0001
8400
000D
7000
A000
0400
C200
C200
C200
C200
0002
7000
74FF
C200
0400
C200
CA00
C800
3100
9402
0400
9E01
07FF
C200
CA00
C000
61A0
C800
9403
01FF
1000
A000
0400
C200
CC00
0001
7000
88FF
0400
C200
CC00
0001
7000
88FC
0002
7000
7400
C200
CC00
0001
7000
88FE
0002
7000
74FF
C200
CC00
0001
7000
88FD
0001
7000
74FE
C200
0400
C200
CA00
C800
C400
6980
6A20
9805
3100
CC00
9807
0400
9E06
0400
2100
CC00
9801
9E01
07FF
C200
CA00
6400
C200
CA00
C000
61A0
C800
9403
0140
1000
A000
0400
C200
0001
7000
74FE
C200
CA00
C800
C400
69A0
6580
3600
CC00
C200
CC00
0001
7000
88FE
0001
7000
74FC
C200
CA00
6400
C200
CC00
0001
7000
88FC
0001
7000
74FD
C200
0400
C200
CA00
C800
C400
6980
6A20
9805
3100
CC00
9807
0400
9E06
0400
2100
CC00
9801
9E01
07FF
C200
CA00
6400
C200
CA00
C000
61A0
C800
9403
0180
1000
A000
0400
C200
0001
7000
74FD
C200
CA00
C800
C400
69A0
6580
3600
CC00
C200
CC00
0001
7000
88FD
0001
7000
74FC
C200
CA00
6400
C200
CC00
0001
7000
88FC
0400
C200
CA00
0010
8400
0001
7000
74FE
C200
0001
7000
74FD
C200
05A9
1400
C200
0001
7400
C200
0002
7400
C200
0003
7400
C200
0004
7400
C200
65E0
C400
0806
2600
0002
8400
CC00
65E0
0001
8400
0227
1000
A000
CC00
0001
7000
88FF
0001
7000
74FC
C200
0400
C200
CA00
C800
3100
9402
0400
9E01
07FF
C200
CA00
C000
61A0
C800
9403
01D5
1000
A000
0400
C200
0001
7000
74FF
C200
CA00
C800
C400
69A0
6580
3600
CC00
C200
CC00
0001
7000
88FF
0001
7000
74FF
C200
0001
7400
000E
8400
61A0
7404
000D
8400
CA00
0002
7000
8400
0002
7400
6DA0
000E
7000
7400
0004
8400
000E
7000
7401
0003
8400
000E
7000
7402
0002
8400
000E
7000
7403
0001
8400
000D
7000
A000
0400
C200
0001
7400
000E
8400
61A0
7404
000D
8400
CA00
0002
7000
8400
0002
7400
6DA0
000E
7000
7400
0004
8400
000E
7000
7401
0003
8400
000E
7000
7402
0002
8400
000E
7000
7403
0001
8400
000D
7000
A000
0400
C200
0002
7000
74FF
C200
0002
7000
7400
C200
CA00
C800
C400
6980
6A20
9805
3100
CC00
9206
0400
9E05
0400
2100
CC00
9801
07FF
C200
CA00
C000
61A0
C800
9403
033F
1000
A000
0002
7000
74FF
C200
0400
C200
CA00
C800
C400
6980
6A20
9805
3100
CC00
9807
0400
9E06
0400
2100
CC00
9801
9E01
07FF
C200
CA00
C000
61A0
C800
9403
033F
1000
A000
0002
7000
7400
C200
0002
7000
74FF
C200
0002
7000
74FF
C200
CA00
C800
2400
C200
0696
1400
C200
0001
7400
C200
0002
7400
C200
0003
7400
C200
0004
7400
C200
65E0
C400
0806
2600
0002
8400
CC00
65E0
0001
8400
0227
1000
A000
CC00
0001
7000
88FF
0002
7000
7400
C200
0010
7400
C200
CA00
C800
C400
69A0
6580
3600
CC00
C200
0002
7000
74FF
C200
CA00
C800
C400
6980
6A20
9805
3100
CC00
9807
0400
9E06
0400
2100
CC00
9801
9E01
07FF
C200
CA00
C000
61A0
C800
9403
030D
1000
A000
0010
7400
C200
0002
7000
74FF
C200
CA00
C800
2400
C200
CA00
0010
8400
0001
7000
74FF
C200
0001
7000
74FF
C200
CA00
C800
2400
C200
0401
C200
CA00
C800
2400
C200
0001
7400
000E
8400
61A0
7404
000D
8400
CA00
0002
7000
8400
0002
7400
6DA0
000E
7000
7400
0004
8400
000E
7000
7401
0003
8400
000E
7000
7402
0002
8400
000E
7000
7403
0001
8400
000D
7000
A000
0001
7000
74FF
C200
0001
7000
74FF
C200
CA00
C800
2400
C200
0001
7400
000E
8400
61A0
7404
000D
8400
CA00
0002
7000
8400
0002
7400
6DA0
000E
7000
7400
0004
8400
000E
7000
7401
0003
8400
000E
7000
7402
0002
8400
000E
7000
7403
0001
8400
000D
7000
A000
0400
C200
CA00
0010
8400
0400
C200
0001
7400
000E
8400
61A0
7404
000D
8400
CA00
0002
7000
8400
0002
7400
6DA0
000E
7000
7400
0004
8400
000E
7000
7401
0003
8400
000E
7000
7402
0002
8400
000E
7000
7403
0001
8400
000D
7000
A000
0400
C200
C200
0002
7000
74FF
C200
0400
C200
CA00
C800
3100
9402
0400
9E01
07FF
C200
CA00
C000
61A0
C800
9403
000B
1001
A000
0002
7000
7400
C200
0002
7000
74FF
C200
07A9
1400
C200
0001
7400
C200
0002
7400
C200
0003
7400
C200
0004
7400
C200
65E0
C400
0806
2600
0002
8400
CC00
65E0
0001
8400
00C9
1000
A000
CC00
0001
7000
88FF
0001
7000
74FF
C200
0002
7000
74FF
C200
07D1
1400
C200
0001
7400
C200
0002
7400
C200
0003
7400
C200
0004
7400
C200
65E0
C400
0806
2600
0002
8400
CC00
65E0
0001
8400
0020
1000
A000
CC00
0001
7000
88FE
0002
7000
7400
C200
0001
7000
74FE
C200
CA00
C800
C400
69A0
6580
3600
CC00
C200
0001
7400
000E
8400
61A0
7404
000D
8400
CA00
0002
7000
8400
0002
7400
6DA0
000E
7000
7400
0004
8400
000E
7000
7401
0003
8400
000E
7000
7402
0002
8400
000E
7000
7403
0001
8400
000D
7000
A000
0400
C200
0001
7400
000E
8400
61A0
7404
000D
8400
CA00
0002
7000
8400
0002
7400
6DA0
000E
7000
7400
0004
8400
000E
7000
7401
0003
8400
000E
7000
7402
0002
8400
000E
7000
7403
0001
8400
000D
7000
A000
0400
C200
C200
0401
C200
CC00
0001
7000
88FF
0002
7000
74FF
C200
CC00
0001
7000
88FE
0001
7000
74FE
C200
0400
C200
CA00
C800
C400
6980
6A20
9805
3100
CC00
9206
0400
9E05
0400
2100
CC00
9801
07FF
C200
CA00
6400
C200
CA00
C000
61A0
C800
9403
008B
1001
A000
0001
7000
74FF
C200
0001
7000
74FF
C200
CA00
C800
2400
C200
CC00
0001
7000
88FF
0001
7000
74FE
C200
0401
C200
CA00
C800
C400
69A0
6580
3600
CC00
C200
CC00
0001
7000
88FE
0044
1001
A000
0002
7000
7400
C200
0001
7000
74FF
C200
04AF
1401
C200
0001
7400
C200
0002
7400
C200
0003
7400
C200
0004
7400
C200
65E0
C400
0806
2600
0002
8400
CC00
65E0
0001
8400
00C9
1000
A000
0001
7400
000E
8400
61A0
7404
000D
8400
CA00
0002
7000
8400
0002
7400
6DA0
000E
7000
7400
0004
8400
000E
7000
7401
0003
8400
000E
7000
7402
0002
8400
000E
7000
7403
0001
8400
000D
7000
A000
0400
C200
C200
C200
C200
C200
C200
C200
0002
7000
7400
C200
0401
C200
CA00
C800
C400
6980
6A20
9805
3100
CC00
9807
0400
9E06
0400
2100
CC00
9801
9E01
07FF
C200
CA00
C000
61A0
C800
9403
03CE
1001
A000
0400
C200
CC00
0001
7000
88FD
07F4
143A
C200
CA00
0004
8400
0004
7000
7400
C200
CC00
0001
7000
88FC
0001
7000
74FC
C200
0400
C200
CA00
C800
3100
9402
0400
9E01
07FF
C200
CA00
C000
61A0
C800
9403
02DC
1001
A000
0001
7000
74FC
C200
CA00
0004
8400
0004
7000
7400
C200
CC00
0001
7000
88FB
0001
7000
74FB
C200
0002
7000
7400
C200
CA00
C800
C400
6980
6A20
9805
3100
CC00
9807
0400
9E06
0400
2100
CC00
9801
9E01
07FF
C200
CA00
C000
61A0
C800
9403
02BC
1001
A000
0001
7000
74FB
C200
0002
7000
7400
C200
CA00
C800
C400
69A0
6580
3600
CC00
C200
CC00
0001
7000
88FA
0001
7000
74FA
C200
0402
C200
CA00
C800
C400
6980
6A20
9805
3100
CC00
9807
0400
9E06
0400
2100
CC00
9801
9E01
07FF
C200
CA00
C000
61A0
C800
9403
023B
1001
A000
0001
7000
74FC
C200
0002
7000
7400
C200
CA00
C800
2400
C200
0401
C200
CA00
C800
2400
C200
CC00
0001
7000
88F9
0001
7000
74FA
C200
0401
C200
CA00
C800
C400
69A0
6580
3600
CC00
C200
CC00
0001
7000
88FA
0001
7000
74F9
C200
CA00
0004
8400
0001
7000
74FA
C200
CC00
0004
7000
8800
0001
7000
74FC
C200
0401
C200
CA00
C800
2400
C200
CA00
0004
8400
0004
7000
7400
C200
CC00
0001
7000
88FE
0001
7000
74F9
C200
0401
C200
CA00
C800
2400
C200
CA00
0004
8400
0001
7000
74FE
C200
CC00
0004
7000
8800
0001
7000
74FD
C200
0400
C200
CA00
C800
3100
9402
0400
9E01
07FF
C200
CA00
C000
61A0
C800
9403
021B
1001
A000
0001
7000
74FD
C200
0401
C200
CA00
C800
2400
C200
CA00
0004
8400
0001
7000
74F9
C200
CC00
0004
7000
8800
0229
1001
A000
07F4
143A
C200
CA00
0004
8400
0001
7000
74F9
C200
CC00
0004
7000
8800
0001
7000
74FC
C200
CA00
0004
8400
0002
7000
7400
C200
CC00
0004
7000
8800
028C
1001
A000
0001
7000
74FC
C200
0401
C200
CA00
C800
2400
C200
CA00
0004
8400
0004
7000
7400
C200
CC00
0001
7000
88FE
0001
7000
74FD
C200
0400
C200
CA00
C800
3100
9402
0400
9E01
07FF
C200
CA00
C000
61A0
C800
9403
027E
1001
A000
0001
7000
74FD
C200
0401
C200
CA00
C800
2400
C200
CA00
0004
8400
0001
7000
74FE
C200
CC00
0004
7000
8800
028C
1001
A000
07F4
143A
C200
CA00
0004
8400
0001
7000
74FE
C200
CC00
0004
7000
8800
0001
7000
74FC
C200
0401
C200
CA00
C800
2400
C200
0001
7400
000E
8400
61A0
7404
000D
8400
CA00
0002
7000
8400
0002
7400
6DA0
000E
7000
7400
0004
8400
000E
7000
7401
0003
8400
000E
7000
7402
0002
8400
000E
7000
7403
0001
8400
000D
7000
A000
0001
7000
74FC
C200
CC00
0001
7000
88FD
0001
7000
74FC
C200
0401
C200
CA00
C800
2400
C200
CA00
0004
8400
0004
7000
7400
C200
CC00
0001
7000
88FC
0111
1001
A000
07F1
143A
C200
CA00
0004
8400
0004
7000
7400
C200
CC00
0001
7000
88FE
0001
7000
74FE
C200
0400
C200
CA00
C800
3100
9402
0400
9E01
07FF
C200
CA00
6400
C200
CA00
C000
61A0
C800
9403
030A
1001
A000
0400
1408
C200
CC00
0001
7000
88FE
0001
7000
74FE
C200
0002
7000
7400
C200
CA00
C800
2400
C200
0401
C200
CA00
C800
2400
C200
CC00
0001
7000
88FC
0001
7000
74FC
C200
0400
C200
CA00
C800
C400
6980
6A20
9805
3100
CC00
9807
0400
9E06
0400
2100
CC00
9801
9E01
07FF
C200
CA00
C000
61A0
C800
9403
0343
1001
A000
0363
1001
A000
0001
7000
74FC
C200
07F0
143A
C200
CA00
C800
C400
6980
6A20
9805
3100
CC00
9206
0400
9E05
0400
2100
CC00
9801
07FF
C200
CA00
C000
61A0
C800
9403
0014
1002
A000
0001
7000
74FE
C200
CC00
0001
7000
88FF
0001
7000
74FF
C200
CA00
0004
8400
0002
7000
7400
C200
CC00
0004
7000
8800
0001
7000
74FE
C200
0002
7000
7400
C200
CA00
C800
2400
C200
0401
C200
CA00
C800
2400
C200
CC00
0001
7000
88FE
07F1
143A
C200
CA00
0004
8400
0001
7000
74FE
C200
CC00
0004
7000
8800
0001
7000
74FF
C200
0401
C200
CA00
C800
2400
C200
0001
7400
000E
8400
61A0
7404
000D
8400
CA00
0002
7000
8400
0002
7400
6DA0
000E
7000
7400
0004
8400
000E
7000
7401
0003
8400
000E
7000
7402
0002
8400
000E
7000
7403
0001
8400
000D
7000
A000
04CA
C200
07EC
1401
C200
0001
7400
C200
0002
7400
C200
0003
7400
C200
0004
7400
C200
65E0
C400
0805
2600
0002
8400
CC00
65E0
0001
8400
03E8
1003
A000
0400
C200
0001
7400
000E
8400
61A0
7404
000D
8400
CA00
0002
7000
8400
0002
7400
6DA0
000E
7000
7400
0004
8400
000E
7000
7401
0003
8400
000E
7000
7402
0002
8400
000E
7000
7403
0001
8400
000D
7000
A000
04CB
C200
0432
1402
C200
0001
7400
C200
0002
7400
C200
0003
7400
C200
0004
7400
C200
65E0
C400
0805
2600
0002
8400
CC00
65E0
0001
8400
03E8
1003
A000
0400
C200
0001
7400
000E
8400
61A0
7404
000D
8400
CA00
0002
7000
8400
0002
7400
6DA0
000E
7000
7400
0004
8400
000E
7000
7401
0003
8400
000E
7000
7402
0002
8400
000E
7000
7403
0001
8400
000D
7000
A000
0400
C200
0002
7000
7400
C200
0400
C200
CA00
C800
C400
6980
6A20
9805
3100
CC00
9807
0400
9E06
0400
2100
CC00
9801
9E01
07FF
C200
CA00
C000
61A0
C800
9403
00F2
1002
A000
0002
7000
7400
C200
0402
C200
CA00
C800
2400
C200
04A2
1402
C200
0001
7400
C200
0002
7400
C200
0003
7400
C200
0004
7400
C200
65E0
C400
0805
2600
0002
8400
CC00
65E0
0001
8400
00D5
1001
A000
CC00
0001
7000
88FF
0001
7000
74FF
C200
CA00
0004
8400
0002
7000
7400
C200
CC00
0004
7000
8800
0001
7000
74FF
C200
0401
C200
CA00
C800
2400
C200
CA00
0004
8400
0400
C200
CC00
0004
7000
8800
0001
7000
74FF
C200
0001
7400
000E
8400
61A0
7404
000D
8400
CA00
0002
7000
8400
0002
7400
6DA0
000E
7000
7400
0004
8400
000E
7000
7401
0003
8400
000E
7000
7402
0002
8400
000E
7000
7403
0001
8400
000D
7000
A000
04CA
C200
0510
1402
C200
0001
7400
C200
0002
7400
C200
0003
7400
C200
0004
7400
C200
65E0
C400
0805
2600
0002
8400
CC00
65E0
0001
8400
03E8
1003
A000
0400
C200
0001
7400
000E
8400
61A0
7404
000D
8400
CA00
0002
7000
8400
0002
7400
6DA0
000E
7000
7400
0004
8400
000E
7000
7401
0003
8400
000E
7000
7402
0002
8400
000E
7000
7403
0001
8400
000D
7000
A000
0002
7000
7400
C200
0401
C200
CA00
C800
2400
C200
CA00
0004
8400
0004
7000
7400
C200
0001
7400
000E
8400
61A0
7404
000D
8400
CA00
0002
7000
8400
0002
7400
6DA0
000E
7000
7400
0004
8400
000E
7000
7401
0003
8400
000E
7000
7402
0002
8400
000E
7000
7403
0001
8400
000D
7000
A000
0400
C200
0002
7000
7400
C200
0400
C200
CA00
C800
3100
9402
0400
9E01
07FF
C200
CA00
C000
61A0
C800
9403
01DE
1002
A000
0002
7000
74FF
C200
0400
C200
CA00
C800
C400
6980
6A20
9805
3100
CC00
9807
0400
9E06
0400
2100
CC00
9801
9E01
07FF
C200
CA00
C000
61A0
C800
9403
01DE
1002
A000
0002
7000
7400
C200
0401
C200
CA00
C800
2400
C200
CA00
0004
8400
0004
7000
7400
C200
CC00
0001
7000
88FF
0002
7000
74FF
C200
0001
7000
74FF
C200
CA00
C800
C400
6980
6A20
9805
3100
CC00
9807
0400
9E06
0400
2100
CC00
9801
9E01
07FF
C200
CA00
C000
61A0
C800
9403
0224
1002
A000
04CD
C200
05FC
1402
C200
0001
7400
C200
0002
7400
C200
0003
7400
C200
0004
7400
C200
65E0
C400
0805
2600
0002
8400
CC00
65E0
0001
8400
03E8
1003
A000
0400
C200
0001
7400
000E
8400
61A0
7404
000D
8400
CA00
0002
7000
8400
0002
7400
6DA0
000E
7000
7400
0004
8400
000E
7000
7401
0003
8400
000E
7000
7402
0002
8400
000E
7000
7403
0001
8400
000D
7000
A000
0002
7000
7400
C200
0402
C200
CA00
C800
2400
C200
0002
7000
74FF
C200
CA00
C800
2400
C200
CA00
0004
8400
0004
7000
7400
C200
0001
7400
000E
8400
61A0
7404
000D
8400
CA00
0002
7000
8400
0002
7400
6DA0
000E
7000
7400
0004
8400
000E
7000
7401
0003
8400
000E
7000
7402
0002
8400
000E
7000
7403
0001
8400
000D
7000
A000
0400
C200
C200
0002
7000
7400
C200
0401
C200
CA00
C800
2400
C200
CA00
0004
8400
0004
7000
7400
C200
CC00
0001
7000
88FF
0002
7000
7400
C200
CA00
0004
8400
0004
7000
7400
C200
CC00
0001
7000
88FE
0001
7000
74FF
C200
0001
7000
74FE
C200
CA00
C800
C400
6980
6A20
9805
3100
CC00
9807
0400
9E06
0400
2100
CC00
9801
9E01
07FF
C200
CA00
6400
C200
CA00
C000
61A0
C800
9403
02EF
1002
A000
0002
7000
7400
C200
0402
C200
CA00
C800
2400
C200
0001
7000
74FF
C200
CA00
C800
2400
C200
CA00
0004
8400
0002
7000
74FF
C200
CC00
0004
7000
8800
0001
7000
74FF
C200
0401
C200
CA00
C800
2400
C200
CC00
0001
7000
88FF
0002
7000
7400
C200
0401
C200
CA00
C800
2400
C200
CA00
0004
8400
0001
7000
74FF
C200
CC00
0004
7000
8800
0002
7000
7400
C200
0001
7400
000E
8400
61A0
7404
000D
8400
CA00
0002
7000
8400
0002
7400
6DA0
000E
7000
7400
0004
8400
000E
7000
7401
0003
8400
000E
7000
7402
0002
8400
000E
7000
7403
0001
8400
000D
7000
A000
0400
C200
0002
7000
7400
C200
0400
C200
CA00
C800
C400
6980
6A20
9805
3100
CC00
9807
0400
9E06
0400
2100
CC00
9801
9E01
07FF
C200
CA00
C000
61A0
C800
9403
0381
1002
A000
0002
7000
7400
C200
075B
1402
C200
0001
7400
C200
0002
7400
C200
0003
7400
C200
0004
7400
C200
65E0
C400
0805
2600
0002
8400
CC00
65E0
0001
8400
00D5
1001
A000
0001
7400
000E
8400
61A0
7404
000D
8400
CA00
0002
7000
8400
0002
7400
6DA0
000E
7000
7400
0004
8400
000E
7000
7401
0003
8400
000E
7000
7402
0002
8400
000E
7000
7403
0001
8400
000D
7000
A000
04CA
C200
079F
1402
C200
0001
7400
C200
0002
7400
C200
0003
7400
C200
0004
7400
C200
65E0
C400
0805
2600
0002
8400
CC00
65E0
0001
8400
03E8
1003
A000
0400
C200
0001
7400
000E
8400
61A0
7404
000D
8400
CA00
0002
7000
8400
0002
7400
6DA0
000E
7000
7400
0004
8400
000E
7000
7401
0003
8400
000E
7000
7402
0002
8400
000E
7000
7403
0001
8400
000D
7000
A000
0400
C200
C200
07F2
143A
C200
CA00
0004
8400
0004
7000
7400
C200
CC00
0001
7000
88FF
0400
143B
C200
0001
7000
74FF
C200
CA00
C800
2400
C200
CC00
0001
7000
88FE
0001
7000
74FE
C200
CA00
0004
8400
0700
1403
C200
0002
7000
7400
C200
CA00
C800
5400
C200
CC00
0004
7000
8800
0001
7000
74FF
C200
0401
C200
CA00
C800
2400
C200
CC00
0001
7000
88FF
0001
7000
74FF
C200
0560
1402
C200
CA00
C800
C400
6980
6A20
9805
3100
CC00
9807
0400
9E06
0400
2100
CC00
9801
9E01
07FF
C200
CA00
C000
61A0
C800
9403
0032
1003
A000
0400
C200
CC00
0001
7000
88FF
07F2
143A
C200
CA00
0004
8400
0001
7000
74FF
C200
CC00
0004
7000
8800
0400
C200
0001
7400
000E
8400
61A0
7404
000D
8400
CA00
0002
7000
8400
0002
7400
6DA0
000E
7000
7400
0004
8400
000E
7000
7401
0003
8400
000E
7000
7402
0002
8400
000E
7000
7403
0001
8400
000D
7000
A000
0400
C200
C200
0400
C200
CC00
0001
7000
88FF
0002
7000
7400
C200
0491
1403
C200
0001
7400
C200
0002
7400
C200
0003
7400
C200
0004
7400
C200
65E0
C400
0805
2600
0002
8400
CC00
65E0
0001
8400
0138
1002
A000
CC00
0001
7000
88FE
0001
7000
74FF
C200
0001
7000
74FE
C200
CA00
C800
C400
6980
6A20
9805
3100
CC00
9807
0400
9E06
0400
2100
CC00
9801
9E01
07FF
C200
CA00
6400
C200
CA00
C000
61A0
C800
9403
010E
1003
A000
0002
7000
7400
C200
0001
7000
74FF
C200
04DE
1403
C200
0001
7400
C200
0002
7400
C200
0003
7400
C200
0004
7400
C200
65E0
C400
0806
2600
0002
8400
CC00
65E0
0001
8400
016F
1002
A000
04FA
1403
C200
0001
7400
C200
0002
7400
C200
0003
7400
C200
0004
7400
C200
65E0
C400
0805
2600
0002
8400
CC00
65E0
0001
8400
03C7
1002
A000
CA00
0005
8400
0001
7000
74FF
C200
0401
C200
CA00
C800
2400
C200
CC00
0001
7000
88FF
0095
1003
A000
0400
C200
0001
7400
000E
8400
61A0
7404
000D
8400
CA00
0002
7000
8400
0002
7400
6DA0
000E
7000
7400
0004
8400
000E
7000
7401
0003
8400
000E
7000
7402
0002
8400
000E
7000
7403
0001
8400
000D
7000
A000
0400
C200
C200
C200
C200
0002
7000
7400
C200
0400
C200
CA00
C800
C400
6980
6A20
9805
3100
CC00
9807
0400
9E06
0400
2100
CC00
9801
9E01
07FF
C200
CA00
6400
C200
CA00
C000
61A0
C800
9403
0194
1003
A000
042D
C200
057C
1403
C200
0001
7400
C200
0002
7400
C200
0003
7400
C200
0004
7400
C200
65E0
C400
0805
2600
0002
8400
CC00
65E0
0001
8400
03C7
1002
A000
CA00
0005
8400
0400
C200
0002
7000
7400
C200
CA00
C800
C400
69A0
6580
3600
CC00
C200
CC00
0001
7000
88FF
019C
1003
A000
0002
7000
7400
C200
CC00
0001
7000
88FF
0710
1409
C200
CC00
0001
7000
88FD
0001
7000
74FD
C200
0401
C200
CA00
C800
C400
6980
6A20
9805
3100
CC00
9206
0400
9E05
0400
2100
CC00
9801
07FF
C200
CA00
6400
C200
CA00
C000
61A0
C800
9403
0213
1003
A000
0001
7000
74FF
C200
0001
7000
74FD
C200
CA00
C800
C400
6980
6A20
9805
3100
CC00
9807
0400
9E06
0400
2100
CC00
9801
9E01
07FF
C200
CA00
6400
C200
CA00
C000
61A0
C800
9403
0213
1003
A000
0001
7000
74FD
C200
040A
C200
060C
1403
C200
0001
7400
C200
0002
7400
C200
0003
7400
C200
0004
7400
C200
65E0
C400
0806
2600
0002
8400
CC00
65E0
0001
8400
00C9
1000
A000
CC00
0001
7000
88FD
01A3
1003
A000
0001
7000
74FD
C200
0400
C200
CA00
C800
C400
6980
6A20
9805
3100
CC00
9206
0400
9E05
0400
2100
CC00
9801
07FF
C200
CA00
6400
C200
CA00
C000
61A0
C800
9403
02E9
1003
A000
0001
7000
74FF
C200
0001
7000
74FD
C200
0659
1403
C200
0001
7400
C200
0002
7400
C200
0003
7400
C200
0004
7400
C200
65E0
C400
0806
2600
0002
8400
CC00
65E0
0001
8400
00C9
1000
A000
CC00
0001
7000
88FC
0001
7000
74FC
C200
0430
C200
CA00
C800
2400
C200
0683
1403
C200
0001
7400
C200
0002
7400
C200
0003
7400
C200
0004
7400
C200
65E0
C400
0805
2600
0002
8400
CC00
65E0
0001
8400
03C7
1002
A000
CA00
0005
8400
0001
7000
74FC
C200
0001
7000
74FD
C200
06AA
1403
C200
0001
7400
C200
0002
7400
C200
0003
7400
C200
0004
7400
C200
65E0
C400
0806
2600
0002
8400
CC00
65E0
0001
8400
0020
1000
A000
CA00
0005
8400
0001
7000
74FF
C200
0005
7400
C200
CA00
C800
C400
69A0
6580
3600
CC00
C200
CC00
0001
7000
88FF
0001
7000
74FD
C200
040A
C200
06E2
1403
C200
0001
7400
C200
0002
7400
C200
0003
7400
C200
0004
7400
C200
65E0
C400
0806
2600
0002
8400
CC00
65E0
0001
8400
00C9
1000
A000
CC00
0001
7000
88FD
0213
1003
A000
0400
C200
0001
7400
000E
8400
61A0
7404
000D
8400
CA00
0002
7000
8400
0002
7400
6DA0
000E
7000
7400
0004
8400
000E
7000
7401
0003
8400
000E
7000
7402
0002
8400
000E
7000
7403
0001
8400
000D
7000
A000
0400
C200
C200
07F2
143A
C200
CA00
0004
8400
0004
7000
7400
C200
CC00
0001
7000
88FF
0001
7000
74FF
C200
0450
C200
0744
1403
C200
0001
7400
C200
0002
7400
C200
0003
7400
C200
0004
7400
C200
65E0
C400
0806
2600
0002
8400
CC00
65E0
0001
8400
036C
1000
A000
CC00
0001
7000
88FE
0001
7000
74FF
C200
0450
C200
0001
7000
74FE
C200
CA00
C800
C400
69A0
6580
3600
CC00
C200
CA00
C800
2400
C200
CC00
0001
7000
88FF
0001
7000
74FF
C200
0560
1402
C200
CA00
C800
C400
6980
6A20
9805
3100
CC00
9807
0400
9E06
0400
2100
CC00
9801
9E01
07FF
C200
CA00
C000
61A0
C800
9403
0389
1003
A000
0400
C200
CC00
0001
7000
88FF
07F2
143A
C200
CA00
0004
8400
0001
7000
74FF
C200
CC00
0004
7000
8800
0400
C200
0001
7400
000E
8400
61A0
7404
000D
8400
CA00
0002
7000
8400
0002
7400
6DA0
000E
7000
7400
0004
8400
000E
7000
7401
0003
8400
000E
7000
7402
0002
8400
000E
7000
7403
0001
8400
000D
7000
A000
E300
0400
C200
0001
7400
000E
8400
61A0
7404
000D
8400
CA00
0002
7000
8400
0002
7400
6DA0
000E
7000
7400
0004
8400
000E
7000
7401
0003
8400
000E
7000
7402
0002
8400
000E
7000
7403
0001
8400
000D
7000
A000
0730
143F
C200
CA00
0004
8400
0400
C200
CC00
0004
7000
8800
0445
C200
0412
1404
C200
0001
7400
C200
0002
7400
C200
0003
7400
C200
0004
7400
C200
65E0
C400
0805
2600
0002
8400
CC00
65E0
0001
8400
03C7
1002
A000
CA00
0005
8400
0452
C200
0433
1404
C200
0001
7400
C200
0002
7400
C200
0003
7400
C200
0004
7400
C200
65E0
C400
0805
2600
0002
8400
CC00
65E0
0001
8400
03C7
1002
A000
CA00
0005
8400
0452
C200
0454
1404
C200
0001
7400
C200
0002
7400
C200
0003
7400
C200
0004
7400
C200
65E0
C400
0805
2600
0002
8400
CC00
65E0
0001
8400
03C7
1002
A000
CA00
0005
8400
0002
7000
7400
C200
0477
1404
C200
0001
7400
C200
0002
7400
C200
0003
7400
C200
0004
7400
C200
65E0
C400
0805
2600
0002
8400
CC00
65E0
0001
8400
0136
1003
A000
CA00
0005
8400
007A
1004
A000
0400
C200
0001
7400
000E
8400
61A0
7404
000D
8400
CA00
0002
7000
8400
0002
7400
6DA0
000E
7000
7400
0004
8400
000E
7000
7401
0003
8400
000E
7000
7402
0002
8400
000E
7000
7403
0001
8400
000D
7000
A000
0002
7000
7400
C200
0450
C200
04C7
1404
C200
0001
7400
C200
0002
7400
C200
0003
7400
C200
0004
7400
C200
65E0
C400
0806
2600
0002
8400
CC00
65E0
0001
8400
0020
1000
A000
0002
7000
74FF
C200
CA00
C800
2400
C200
07F2
143A
C200
CA00
0004
8400
CC00
0004
7000
8800
0400
C200
0001
7400
000E
8400
61A0
7404
000D
8400
CA00
0002
7000
8400
0002
7400
6DA0
000E
7000
7400
0004
8400
000E
7000
7401
0003
8400
000E
7000
7402
0002
8400
000E
7000
7403
0001
8400
000D
7000
A000
0400
C200
07F2
143A
C200
CA00
0004
8400
0004
7000
7400
C200
CC00
0001
7000
88FF
0001
7000
74FF
C200
0400
C200
CA00
C800
C400
6980
6A20
9805
3100
CC00
9206
0400
9E05
0400
2100
CC00
9801
07FF
C200
CA00
6400
C200
CA00
C000
61A0
C800
9403
0167
1004
A000
0001
7000
74FF
C200
0401
C200
CA00
C800
C400
69A0
6580
3600
CC00
C200
CC00
0001
7000
88FF
07F2
143A
C200
CA00
0004
8400
0001
7000
74FF
C200
CC00
0004
7000
8800
0400
143B
C200
0001
7000
74FF
C200
CA00
C800
2400
C200
CA00
0004
8400
0400
C200
CC00
0004
7000
8800
0400
C200
0001
7400
000E
8400
61A0
7404
000D
8400
CA00
0002
7000
8400
0002
7400
6DA0
000E
7000
7400
0004
8400
000E
7000
7401
0003
8400
000E
7000
7402
0002
8400
000E
7000
7403
0001
8400
000D
7000
A000
0700
143F
C200
CA00
0004
8400
0004
7000
7400
C200
0400
C200
CA00
C800
3100
9402
0400
9E01
07FF
C200
CA00
C000
61A0
C800
9403
018F
1004
A000
0701
143F
C200
CA00
0004
8400
0004
7000
7400
C200
0001
7400
000E
8400
61A0
7404
000D
8400
CA00
0002
7000
8400
0002
7400
6DA0
000E
7000
7400
0004
8400
000E
7000
7401
0003
8400
000E
7000
7402
0002
8400
000E
7000
7403
0001
8400
000D
7000
A000
0400
C200
0730
C200
0400
C200
CA00
0005
8400
CA00
0004
8400
0005
7400
C200
CC00
0004
7000
8800
0400
C200
CA00
0005
8400
060F
1404
C200
0001
7400
C200
0002
7400
C200
0003
7400
C200
0004
7400
C200
65E0
C400
0804
2600
0002
8400
CC00
65E0
0001
8400
02BB
1004
A000
CA00
0005
8400
062E
1404
C200
0001
7400
C200
0002
7400
C200
0003
7400
C200
0004
7400
C200
65E0
C400
0804
2600
0002
8400
CC00
65E0
0001
8400
0267
1005
A000
CA00
0005
8400
064D
1404
C200
0001
7400
C200
0002
7400
C200
0003
7400
C200
0004
7400
C200
65E0
C400
0804
2600
0002
8400
CC00
65E0
0001
8400
01F8
100C
A000
CC00
0001
7000
88FF
0001
7000
74FF
C200
0671
1404
C200
0001
7400
C200
0002
7400
C200
0003
7400
C200
0004
7400
C200
65E0
C400
0805
2600
0002
8400
CC00
65E0
0001
8400
02A1
100F
A000
CA00
0005
8400
0690
1404
C200
0001
7400
C200
0002
7400
C200
0003
7400
C200
0004
7400
C200
65E0
C400
0804
2600
0002
8400
CC00
65E0
0001
8400
03BF
1003
A000
CA00
0005
8400
0400
C200
0001
7400
000E
8400
61A0
7404
000D
8400
CA00
0002
7000
8400
0002
7400
6DA0
000E
7000
7400
0004
8400
000E
7000
7401
0003
8400
000E
7000
7402
0002
8400
000E
7000
7403
0001
8400
000D
7000
A000
0480
C200
06D9
1404
C200
0001
7400
C200
0002
7400
C200
0003
7400
C200
0004
7400
C200
65E0
C400
0805
2600
0002
8400
CC00
65E0
0001
8400
00D5
1001
A000
CA00
0011
8400
0400
C200
0001
7400
000E
8400
61A0
7404
000D
8400
CA00
0002
7000
8400
0002
7400
6DA0
000E
7000
7400
0004
8400
000E
7000
7401
0003
8400
000E
7000
7402
0002
8400
000E
7000
7403
0001
8400
000D
7000
A000
0400
C200
0752
C200
0002
7000
74FF
C200
CA00
0005
8400
CA00
0004
8400
0005
7400
C200
CC00
0004
7000
8800
0400
C200
CA00
0005
8400
0751
C200
0002
7000
7400
C200
CA00
0005
8400
CA00
0004
8400
0005
7400
C200
CC00
0004
7000
8800
0400
C200
CA00
0005
8400
0750
C200
0401
C200
CA00
0005
8400
CA00
0004
8400
0005
7400
C200
CC00
0004
7000
8800
0400
C200
CA00
0005
8400
07E8
1400
C200
CC00
0001
7000
88FF
0753
C200
CA00
0004
8400
0004
7000
7400
C200
0401
C200
CA00
C800
4400
C200
0400
C200
CA00
C800
3100
9402
0400
9E01
07FF
C200
CA00
6400
C200
CA00
6400
C200
CA00
C000
61A0
C800
9403
03D3
1004
A000
0001
7000
74FF
C200
0401
C200
CA00
C800
C400
69A0
6580
3600
CC00
C200
CC00
0001
7000
88FF
0001
7000
74FF
C200
0400
C200
CA00
C800
3100
9402
0400
9E01
07FF
C200
CA00
C000
61A0
C800
9403
03A5
1004
A000
03D0
1004
A000
07FF
C200
0001
7400
000E
8400
61A0
7404
000D
8400
CA00
0002
7000
8400
0002
7400
6DA0
000E
7000
7400
0004
8400
000E
7000
7401
0003
8400
000E
7000
7402
0002
8400
000E
7000
7403
0001
8400
000D
7000
A000
03D0
1004
A000
0353
1004
A000
0753
C200
CA00
0004
8400
0004
7000
7400
C200
0404
C200
CA00
C800
4400
C200
0400
C200
CA00
C800
3100
9402
0400
9E01
07FF
C200
CA00
6400
C200
CA00
C000
61A0
C800
9403
03FA
1004
A000
0025
1005
A000
07FF
C200
0001
7400
000E
8400
61A0
7404
000D
8400
CA00
0002
7000
8400
0002
7400
6DA0
000E
7000
7400
0004
8400
000E
7000
7401
0003
8400
000E
7000
7402
0002
8400
000E
7000
7403
0001
8400
000D
7000
A000
0025
1005
A000
0400
C200
0001
7400
000E
8400
61A0
7404
000D
8400
CA00
0002
7000
8400
0002
7400
6DA0
000E
7000
7400
0004
8400
000E
7000
7401
0003
8400
000E
7000
7402
0002
8400
000E
7000
7403
0001
8400
000D
7000
A000
0400
C200
0752
C200
0002
7000
74FF
C200
CA00
0005
8400
CA00
0004
8400
0005
7400
C200
CC00
0004
7000
8800
0400
C200
CA00
0005
8400
0751
C200
0002
7000
7400
C200
CA00
0005
8400
CA00
0004
8400
0005
7400
C200
CC00
0004
7000
8800
0400
C200
CA00
0005
8400
0750
C200
0402
C200
CA00
0005
8400
CA00
0004
8400
0005
7400
C200
CC00
0004
7000
8800
0400
C200
CA00
0005
8400
07E8
1400
C200
CC00
0001
7000
88FF
0753
C200
CA00
0004
8400
0004
7000
7400
C200
0401
C200
CA00
C800
4400
C200
0400
C200
CA00
C800
3100
9402
0400
9E01
07FF
C200
CA00
6400
C200
CA00
6400
C200
CA00
C000
61A0
C800
9403
011C
1005
A000
0001
7000
74FF
C200
0401
C200
CA00
C800
C400
69A0
6580
3600
CC00
C200
CC00
0001
7000
88FF
0001
7000
74FF
C200
0400
C200
CA00
C800
3100
9402
0400
9E01
07FF
C200
CA00
C000
61A0
C800
9403
00EE
1005
A000
0119
1005
A000
07FF
C200
0001
7400
000E
8400
61A0
7404
000D
8400
CA00
0002
7000
8400
0002
7400
6DA0
000E
7000
7400
0004
8400
000E
7000
7401
0003
8400
000E
7000
7402
0002
8400
000E
7000
7403
0001
8400
000D
7000
A000
0119
1005
A000
009C
1005
A000
0753
C200
CA00
0004
8400
0004
7000
7400
C200
0404
C200
CA00
C800
4400
C200
0400
C200
CA00
C800
3100
9402
0400
9E01
07FF
C200
CA00
6400
C200
CA00
C000
61A0
C800
9403
0143
1005
A000
016E
1005
A000
07FF
C200
0001
7400
000E
8400
61A0
7404
000D
8400
CA00
0002
7000
8400
0002
7400
6DA0
000E
7000
7400
0004
8400
000E
7000
7401
0003
8400
000E
7000
7402
0002
8400
000E
7000
7403
0001
8400
000D
7000
A000
016E
1005
A000
0400
C200
0001
7400
000E
8400
61A0
7404
000D
8400
CA00
0002
7000
8400
0002
7400
6DA0
000E
7000
7400
0004
8400
000E
7000
7401
0003
8400
000E
7000
7402
0002
8400
000E
7000
7403
0001
8400
000D
7000
A000
0002
7000
7400
C200
0011
7400
C200
05B9
1405
C200
0001
7400
C200
0002
7400
C200
0003
7400
C200
0004
7400
C200
65E0
C400
0806
2600
0002
8400
CC00
65E0
0001
8400
004D
1005
A000
CA00
0005
8400
0400
C200
0001
7400
000E
8400
61A0
7404
000D
8400
CA00
0002
7000
8400
0002
7400
6DA0
000E
7000
7400
0004
8400
000E
7000
7401
0003
8400
000E
7000
7402
0002
8400
000E
7000
7403
0001
8400
000D
7000
A000
0400
C200
0400
C200
CC00
0001
7000
88FF
0001
7000
74FF
C200
0480
C200
CA00
C800
C400
6980
6A20
9805
3100
CC00
9807
0400
9E06
0400
2100
CC00
9801
9E01
07FF
C200
CA00
6400
C200
CA00
C000
61A0
C800
9403
023F
1005
A000
0011
7400
C200
0001
7000
74FF
C200
CA00
C800
2400
C200
0400
C200
CA00
0005
8400
CA00
0004
8400
0005
7400
C200
CC00
0004
7000
8800
0400
C200
CA00
0005
8400
0001
7000
74FF
C200
0401
C200
CA00
C800
2400
C200
CC00
0001
7000
88FF
01EC
1005
A000
0400
C200
0001
7400
000E
8400
61A0
7404
000D
8400
CA00
0002
7000
8400
0002
7400
6DA0
000E
7000
7400
0004
8400
000E
7000
7401
0003
8400
000E
7000
7402
0002
8400
000E
7000
7403
0001
8400
000D
7000
A000
0500
C200
0685
1405
C200
0001
7400
C200
0002
7400
C200
0003
7400
C200
0004
7400
C200
65E0
C400
0805
2600
0002
8400
CC00
65E0
0001
8400
00D5
1001
A000
CA00
0012
8400
0500
C200
06A6
1405
C200
0001
7400
C200
0002
7400
C200
0003
7400
C200
0004
7400
C200
65E0
C400
0805
2600
0002
8400
CC00
65E0
0001
8400
00D5
1001
A000
CA00
0013
8400
0480
C200
06C7
1405
C200
0001
7400
C200
0002
7400
C200
0003
7400
C200
0004
7400
C200
65E0
C400
0805
2600
0002
8400
CC00
65E0
0001
8400
00D5
1001
A000
CA00
0014
8400
0400
C200
CA00
0015
8400
0400
C200
CA00
0016
8400
06F0
1405
C200
0001
7400
C200
0002
7400
C200
0003
7400
C200
0004
7400
C200
65E0
C400
0804
2600
0002
8400
CC00
65E0
0001
8400
02D2
1006
A000
CA00
0005
8400
0400
C200
0001
7400
000E
8400
61A0
7404
000D
8400
CA00
0002
7000
8400
0002
7400
6DA0
000E
7000
7400
0004
8400
000E
7000
7401
0003
8400
000E
7000
7402
0002
8400
000E
7000
7403
0001
8400
000D
7000
A000
0015
7400
C200
0001
7400
000E
8400
61A0
7404
000D
8400
CA00
0002
7000
8400
0002
7400
6DA0
000E
7000
7400
0004
8400
000E
7000
7401
0003
8400
000E
7000
7402
0002
8400
000E
7000
7403
0001
8400
000D
7000
A000
0012
7400
C200
0002
7000
7400
C200
CA00
C800
2400
C200
CA00
0004
8400
0004
7000
7400
C200
0001
7400
000E
8400
61A0
7404
000D
8400
CA00
0002
7000
8400
0002
7400
6DA0
000E
7000
7400
0004
8400
000E
7000
7401
0003
8400
000E
7000
7402
0002
8400
000E
7000
7403
0001
8400
000D
7000
A000
0012
7400
C200
0002
7000
7400
C200
CA00
C800
2400
C200
0002
7000
74FF
C200
CA00
0005
8400
CA00
0004
8400
0005
7400
C200
CC00
0004
7000
8800
0400
C200
CA00
0005
8400
0400
C200
0001
7400
000E
8400
61A0
7404
000D
8400
CA00
0002
7000
8400
0002
7400
6DA0
000E
7000
7400
0004
8400
000E
7000
7401
0003
8400
000E
7000
7402
0002
8400
000E
7000
7403
0001
8400
000D
7000
A000
0400
C200
0002
7000
7400
C200
0002
7000
7400
C200
CA00
C800
2400
C200
CC00
0001
7000
88FF
0001
7000
74FF
C200
0001
7000
74FF
C200
CA00
C800
2400
C200
CC00
0001
7000
88FF
0001
7000
74FF
C200
0001
7000
74FF
C200
CA00
C800
2400
C200
CC00
0001
7000
88FF
0001
7000
74FF
C200
0001
7000
74FF
C200
CA00
C800
2400
C200
CC00
0001
7000
88FF
0001
7000
74FF
C200
0002
7000
74FF
C200
CA00
C800
2400
C200
0001
7400
000E
8400
61A0
7404
000D
8400
CA00
0002
7000
8400
0002
7400
6DA0
000E
7000
7400
0004
8400
000E
7000
7401
0003
8400
000E
7000
7402
0002
8400
000E
7000
7403
0001
8400
000D
7000
A000
0013
7400
C200
0002
7000
7400
C200
0002
7000
74FF
C200
0460
1406
C200
0001
7400
C200
0002
7400
C200
0003
7400
C200
0004
7400
C200
65E0
C400
0806
2600
0002
8400
CC00
65E0
0001
8400
03C5
1005
A000
CA00
C800
2400
C200
CA00
0004
8400
0004
7000
7400
C200
0001
7400
000E
8400
61A0
7404
000D
8400
CA00
0002
7000
8400
0002
7400
6DA0
000E
7000
7400
0004
8400
000E
7000
7401
0003
8400
000E
7000
7402
0002
8400
000E
7000
7403
0001
8400
000D
7000
A000
0013
7400
C200
0002
7000
7400
C200
0002
7000
74FF
C200
04B8
1406
C200
0001
7400
C200
0002
7400
C200
0003
7400
C200
0004
7400
C200
65E0
C400
0806
2600
0002
8400
CC00
65E0
0001
8400
03C5
1005
A000
CA00
C800
2400
C200
0002
7000
74FE
C200
CA00
0005
8400
CA00
0004
8400
0005
7400
C200
CC00
0004
7000
8800
0400
C200
CA00
0005
8400
0400
C200
0001
7400
000E
8400
61A0
7404
000D
8400
CA00
0002
7000
8400
0002
7400
6DA0
000E
7000
7400
0004
8400
000E
7000
7401
0003
8400
000E
7000
7402
0002
8400
000E
7000
7403
0001
8400
000D
7000
A000
0401
C200
0012
7400
C200
051B
1406
C200
0001
7400
C200
0002
7400
C200
0003
7400
C200
0004
7400
C200
65E0
C400
0806
2600
0002
8400
CC00
65E0
0001
8400
0304
1004
A000
CA00
0005
8400
0402
C200
0012
7400
C200
0480
C200
CA00
C800
2400
C200
0545
1406
C200
0001
7400
C200
0002
7400
C200
0003
7400
C200
0004
7400
C200
65E0
C400
0806
2600
0002
8400
CC00
65E0
0001
8400
0304
1004
A000
CA00
0005
8400
0400
C200
0001
7400
000E
8400
61A0
7404
000D
8400
CA00
0002
7000
8400
0002
7400
6DA0
000E
7000
7400
0004
8400
000E
7000
7401
0003
8400
000E
7000
7402
0002
8400
000E
7000
7403
0001
8400
000D
7000
A000
0401
C200
0012
7400
C200
0591
1406
C200
0001
7400
C200
0002
7400
C200
0003
7400
C200
0004
7400
C200
65E0
C400
0806
2600
0002
8400
CC00
65E0
0001
8400
004D
1005
A000
CA00
0005
8400
0402
C200
0012
7400
C200
0480
C200
CA00
C800
2400
C200
05BB
1406
C200
0001
7400
C200
0002
7400
C200
0003
7400
C200
0004
7400
C200
65E0
C400
0806
2600
0002
8400
CC00
65E0
0001
8400
004D
1005
A000
CA00
0005
8400
0400
C200
0001
7400
000E
8400
61A0
7404
000D
8400
CA00
0002
7000
8400
0002
7400
6DA0
000E
7000
7400
0004
8400
000E
7000
7401
0003
8400
000E
7000
7402
0002
8400
000E
7000
7403
0001
8400
000D
7000
A000
0403
C200
0013
7400
C200
0607
1406
C200
0001
7400
C200
0002
7400
C200
0003
7400
C200
0004
7400
C200
65E0
C400
0806
2600
0002
8400
CC00
65E0
0001
8400
0304
1004
A000
CA00
0005
8400
0404
C200
0013
7400
C200
0480
C200
CA00
C800
2400
C200
0631
1406
C200
0001
7400
C200
0002
7400
C200
0003
7400
C200
0004
7400
C200
65E0
C400
0806
2600
0002
8400
CC00
65E0
0001
8400
0304
1004
A000
CA00
0005
8400
0400
C200
0001
7400
000E
8400
61A0
7404
000D
8400
CA00
0002
7000
8400
0002
7400
6DA0
000E
7000
7400
0004
8400
000E
7000
7401
0003
8400
000E
7000
7402
0002
8400
000E
7000
7403
0001
8400
000D
7000
A000
0403
C200
0013
7400
C200
067D
1406
C200
0001
7400
C200
0002
7400
C200
0003
7400
C200
0004
7400
C200
65E0
C400
0806
2600
0002
8400
CC00
65E0
0001
8400
004D
1005
A000
CA00
0005
8400
0404
C200
0013
7400
C200
0480
C200
CA00
C800
2400
C200
06A7
1406
C200
0001
7400
C200
0002
7400
C200
0003
7400
C200
0004
7400
C200
65E0
C400
0806
2600
0002
8400
CC00
65E0
0001
8400
004D
1005
A000
CA00
0005
8400
0400
C200
0001
7400
000E
8400
61A0
7404
000D
8400
CA00
0002
7000
8400
0002
7400
6DA0
000E
7000
7400
0004
8400
000E
7000
7401
0003
8400
000E
7000
7402
0002
8400
000E
7000
7403
0001
8400
000D
7000
A000
0400
C200
0014
7400
C200
06F3
1406
C200
0001
7400
C200
0002
7400
C200
0003
7400
C200
0004
7400
C200
65E0
C400
0806
2600
0002
8400
CC00
65E0
0001
8400
0304
1004
A000
CA00
0005
8400
0014
7400
C200
CA00
0004
8400
0004
7000
7400
C200
0444
1412
C200
CA00
C800
3100
9402
0400
9E01
07FF
C200
CA00
6400
C200
CA00
C000
61A0
C800
9403
0319
1006
A000
0349
1006
A000
0400
C200
CA00
0015
8400
0400
C200
0001
7400
000E
8400
61A0
7404
000D
8400
CA00
0002
7000
8400
0002
7400
6DA0
000E
7000
7400
0004
8400
000E
7000
7401
0003
8400
000E
7000
7402
0002
8400
000E
7000
7403
0001
8400
000D
7000
A000
0349
1006
A000
0014
7400
C200
0401
C200
CA00
C800
2400
C200
CA00
0004
8400
0004
7000
7400
C200
0402
C200
CA00
C800
3100
9402
0400
9E01
07FF
C200
CA00
6400
C200
CA00
C000
61A0
C800
9403
0371
1006
A000
03A1
1006
A000
0400
C200
CA00
0015
8400
0400
C200
0001
7400
000E
8400
61A0
7404
000D
8400
CA00
0002
7000
8400
0002
7400
6DA0
000E
7000
7400
0004
8400
000E
7000
7401
0003
8400
000E
7000
7402
0002
8400
000E
7000
7403
0001
8400
000D
7000
A000
03A1
1006
A000
0014
7400
C200
0403
C200
CA00
C800
2400
C200
CA00
0004
8400
0004
7000
7400
C200
0401
C200
CA00
C800
3100
9402
0400
9E01
07FF
C200
CA00
6400
C200
0014
7400
C200
0405
C200
CA00
C800
2400
C200
CA00
0004
8400
0004
7000
7400
C200
0403
C200
CA00
C800
3100
9402
0400
9E01
07FF
C200
CA00
6400
C200
CA00
C800
5400
C200
0014
7400
C200
0407
C200
CA00
C800
2400
C200
CA00
0004
8400
0004
7000
7400
C200
0405
C200
CA00
C800
3100
9402
0400
9E01
07FF
C200
CA00
6400
C200
CA00
C800
5400
C200
CA00
C000
61A0
C800
9403
000B
1007
A000
003B
1007
A000
0400
C200
CA00
0015
8400
0400
C200
0001
7400
000E
8400
61A0
7404
000D
8400
CA00
0002
7000
8400
0002
7400
6DA0
000E
7000
7400
0004
8400
000E
7000
7401
0003
8400
000E
7000
7402
0002
8400
000E
7000
7403
0001
8400
000D
7000
A000
003B
1007
A000
0457
1407
C200
0001
7400
C200
0002
7400
C200
0003
7400
C200
0004
7400
C200
65E0
C400
0804
2600
0002
8400
CC00
65E0
0001
8400
00FA
1006
A000
CA00
0005
8400
0476
1407
C200
0001
7400
C200
0002
7400
C200
0003
7400
C200
0004
7400
C200
65E0
C400
0804
2600
0002
8400
CC00
65E0
0001
8400
01E6
1006
A000
CA00
0005
8400
07FF
C200
CA00
0015
8400
049A
1407
C200
0001
7400
C200
0002
7400
C200
0003
7400
C200
0004
7400
C200
65E0
C400
0804
2600
0002
8400
CC00
65E0
0001
8400
00C5
1007
A000
CA00
0005
8400
0400
C200
0001
7400
000E
8400
61A0
7404
000D
8400
CA00
0002
7000
8400
0002
7400
6DA0
000E
7000
7400
0004
8400
000E
7000
7401
0003
8400
000E
7000
7402
0002
8400
000E
7000
7403
0001
8400
000D
7000
A000
0400
C200
0400
C200
CA00
0016
8400
0405
C200
CC00
0001
7000
88FF
0001
7000
74FF
C200
0500
C200
CA00
C800
C400
6980
6A20
9805
3100
CC00
9807
0400
9E06
0400
2100
CC00
9801
9E01
07FF
C200
CA00
6400
C200
CA00
C000
61A0
C800
9403
014A
1007
A000
0001
7000
74FF
C200
0515
1407
C200
0001
7400
C200
0002
7400
C200
0003
7400
C200
0004
7400
C200
65E0
C400
0805
2600
0002
8400
CC00
65E0
0001
8400
0344
1005
A000
0400
C200
CA00
C800
3100
9402
0400
9E01
07FF
C200
CA00
C000
61A0
C800
9403
012A
1007
A000
0139
1007
A000
0016
7400
C200
0401
C200
CA00
C800
2400
C200
CA00
0016
8400
0139
1007
A000
0001
7000
74FF
C200
0401
C200
CA00
C800
2400
C200
CC00
0001
7000
88FF
00D2
1007
A000
0400
C200
0001
7400
000E
8400
61A0
7404
000D
8400
CA00
0002
7000
8400
0002
7400
6DA0
000E
7000
7400
0004
8400
000E
7000
7401
0003
8400
000E
7000
7402
0002
8400
000E
7000
7403
0001
8400
000D
7000
A000
0016
7400
C200
0001
7400
000E
8400
61A0
7404
000D
8400
CA00
0002
7000
8400
0002
7400
6DA0
000E
7000
7400
0004
8400
000E
7000
7401
0003
8400
000E
7000
7402
0002
8400
000E
7000
7403
0001
8400
000D
7000
A000
0014
7400
C200
0001
7400
000E
8400
61A0
7404
000D
8400
CA00
0002
7000
8400
0002
7400
6DA0
000E
7000
7400
0004
8400
000E
7000
7401
0003
8400
000E
7000
7402
0002
8400
000E
7000
7403
0001
8400
000D
7000
A000
0400
C200
0400
C200
CC00
0001
7000
88FF
0001
7000
74FF
C200
0480
C200
CA00
C800
C400
6980
6A20
9805
3100
CC00
9807
0400
9E06
0400
2100
CC00
9801
9E01
07FF
C200
CA00
6400
C200
CA00
C000
61A0
C800
9403
021F
1007
A000
0014
7400
C200
0001
7000
74FF
C200
CA00
C800
2400
C200
0400
C200
CA00
0005
8400
CA00
0004
8400
0005
7400
C200
CC00
0004
7000
8800
0400
C200
CA00
0005
8400
0001
7000
74FF
C200
0401
C200
CA00
C800
2400
C200
CC00
0001
7000
88FF
01CC
1007
A000
0014
7400
C200
0444
1412
C200
CA00
0005
8400
CA00
0004
8400
0005
7400
C200
CC00
0004
7000
8800
0400
C200
CA00
0005
8400
0014
7400
C200
0401
C200
CA00
C800
2400
C200
0402
C200
CA00
0005
8400
CA00
0004
8400
0005
7400
C200
CC00
0004
7000
8800
0400
C200
CA00
0005
8400
0014
7400
C200
0402
C200
CA00
C800
2400
C200
0500
C200
CA00
0005
8400
CA00
0004
8400
0005
7400
C200
CC00
0004
7000
8800
0400
C200
CA00
0005
8400
0014
7400
C200
0403
C200
CA00
C800
2400
C200
0401
C200
CA00
0005
8400
CA00
0004
8400
0005
7400
C200
CC00
0004
7000
8800
0400
C200
CA00
0005
8400
0014
7400
C200
0404
C200
CA00
C800
2400
C200
0402
C200
CA00
0005
8400
CA00
0004
8400
0005
7400
C200
CC00
0004
7000
8800
0400
C200
CA00
0005
8400
0014
7400
C200
0405
C200
CA00
C800
2400
C200
0403
C200
CA00
0005
8400
CA00
0004
8400
0005
7400
C200
CC00
0004
7000
8800
0400
C200
CA00
0005
8400
0014
7400
C200
0406
C200
CA00
C800
2400
C200
0402
C200
CA00
0005
8400
CA00
0004
8400
0005
7400
C200
CC00
0004
7000
8800
0400
C200
CA00
0005
8400
0014
7400
C200
0407
C200
CA00
C800
2400
C200
0405
C200
CA00
0005
8400
CA00
0004
8400
0005
7400
C200
CC00
0004
7000
8800
0400
C200
CA00
0005
8400
0014
7400
C200
0408
C200
CA00
C800
2400
C200
04FB
C200
CA00
0005
8400
CA00
0004
8400
0005
7400
C200
CC00
0004
7000
8800
0400
C200
CA00
0005
8400
0014
7400
C200
0409
C200
CA00
C800
2400
C200
0448
C200
CA00
0005
8400
CA00
0004
8400
0005
7400
C200
CC00
0004
7000
8800
0400
C200
CA00
0005
8400
0014
7400
C200
040A
C200
CA00
C800
2400
C200
0441
C200
CA00
0005
8400
CA00
0004
8400
0005
7400
C200
CC00
0004
7000
8800
0400
C200
CA00
0005
8400
0014
7400
C200
040B
C200
CA00
C800
2400
C200
0443
C200
CA00
0005
8400
CA00
0004
8400
0005
7400
C200
CC00
0004
7000
8800
0400
C200
CA00
0005
8400
0014
7400
C200
040C
C200
CA00
C800
2400
C200
044B
C200
CA00
0005
8400
CA00
0004
8400
0005
7400
C200
CC00
0004
7000
8800
0400
C200
CA00
0005
8400
0014
7400
C200
040D
C200
CA00
C800
2400
C200
0444
C200
CA00
0005
8400
CA00
0004
8400
0005
7400
C200
CC00
0004
7000
8800
0400
C200
CA00
0005
8400
0014
7400
C200
040E
C200
CA00
C800
2400
C200
044F
C200
CA00
0005
8400
CA00
0004
8400
0005
7400
C200
CC00
0004
7000
8800
0400
C200
CA00
0005
8400
0014
7400
C200
040F
C200
CA00
C800
2400
C200
0453
C200
CA00
0005
8400
CA00
0004
8400
0005
7400
C200
CC00
0004
7000
8800
0400
C200
CA00
0005
8400
0400
C200
0014
7400
C200
040B
1408
C200
0001
7400
C200
0002
7400
C200
0003
7400
C200
0004
7400
C200
65E0
C400
0806
2600
0002
8400
CC00
65E0
0001
8400
004D
1005
A000
CA00
0005
8400
0400
C200
CC00
0001
7000
88FF
0001
7000
74FF
C200
0500
C200
CA00
C800
C400
6980
6A20
9805
3100
CC00
9807
0400
9E06
0400
2100
CC00
9801
9E01
07FF
C200
CA00
6400
C200
CA00
C000
61A0
C800
9403
006D
1008
A000
0001
7000
74FF
C200
0400
C200
0459
1408
C200
0001
7400
C200
0002
7400
C200
0003
7400
C200
0004
7400
C200
65E0
C400
0806
2600
0002
8400
CC00
65E0
0001
8400
037C
1005
A000
CA00
0005
8400
0001
7000
74FF
C200
0401
C200
CA00
C800
2400
C200
CC00
0001
7000
88FF
0014
1008
A000
0400
C200
07FE
C200
048D
1408
C200
0001
7400
C200
0002
7400
C200
0003
7400
C200
0004
7400
C200
65E0
C400
0806
2600
0002
8400
CC00
65E0
0001
8400
037C
1005
A000
CA00
0005
8400
0401
C200
07FE
C200
04B0
1408
C200
0001
7400
C200
0002
7400
C200
0003
7400
C200
0004
7400
C200
65E0
C400
0806
2600
0002
8400
CC00
65E0
0001
8400
037C
1005
A000
CA00
0005
8400
0402
C200
07FE
C200
04D3
1408
C200
0001
7400
C200
0002
7400
C200
0003
7400
C200
0004
7400
C200
65E0
C400
0806
2600
0002
8400
CC00
65E0
0001
8400
037C
1005
A000
CA00
0005
8400
0403
C200
07FE
C200
04F6
1408
C200
0001
7400
C200
0002
7400
C200
0003
7400
C200
0004
7400
C200
65E0
C400
0806
2600
0002
8400
CC00
65E0
0001
8400
037C
1005
A000
CA00
0005
8400
0404
C200
07FE
C200
0519
1408
C200
0001
7400
C200
0002
7400
C200
0003
7400
C200
0004
7400
C200
65E0
C400
0806
2600
0002
8400
CC00
65E0
0001
8400
037C
1005
A000
CA00
0005
8400
0538
1408
C200
0001
7400
C200
0002
7400
C200
0003
7400
C200
0004
7400
C200
65E0
C400
0804
2600
0002
8400
CC00
65E0
0001
8400
0170
1006
A000
CA00
0005
8400
0400
C200
CC00
0001
7000
88FF
0001
7000
74FF
C200
0500
C200
CA00
C800
C400
6980
6A20
9805
3100
CC00
9807
0400
9E06
0400
2100
CC00
9801
9E01
07FF
C200
CA00
6400
C200
CA00
C000
61A0
C800
9403
0194
1008
A000
0013
7400
C200
0001
7000
74FF
C200
CA00
C800
2400
C200
0400
C200
CA00
0005
8400
CA00
0004
8400
0005
7400
C200
CC00
0004
7000
8800
0400
C200
CA00
0005
8400
0001
7000
74FF
C200
0401
C200
CA00
C800
2400
C200
CC00
0001
7000
88FF
0141
1008
A000
05B0
1408
C200
0001
7400
C200
0002
7400
C200
0003
7400
C200
0004
7400
C200
65E0
C400
0804
2600
0002
8400
CC00
65E0
0001
8400
025C
1006
A000
CA00
0005
8400
05CF
1408
C200
0001
7400
C200
0002
7400
C200
0003
7400
C200
0004
7400
C200
65E0
C400
0804
2600
0002
8400
CC00
65E0
0001
8400
01E4
1005
A000
CA00
0005
8400
0405
C200
CC00
0001
7000
88FF
0001
7000
74FF
C200
0500
C200
CA00
C800
C400
6980
6A20
9805
3100
CC00
9807
0400
9E06
0400
2100
CC00
9801
9E01
07FF
C200
CA00
6400
C200
CA00
C000
61A0
C800
9403
022F
1008
A000
0001
7000
74FF
C200
061B
1408
C200
0001
7400
C200
0002
7400
C200
0003
7400
C200
0004
7400
C200
65E0
C400
0805
2600
0002
8400
CC00
65E0
0001
8400
0196
1005
A000
CA00
0005
8400
0001
7000
74FF
C200
0401
C200
CA00
C800
2400
C200
CC00
0001
7000
88FF
01D8
1008
A000
07FF
C200
CA00
0015
8400
04FB
C200
CA00
0016
8400
0400
C200
0001
7400
000E
8400
61A0
7404
000D
8400
CA00
0002
7000
8400
0002
7400
6DA0
000E
7000
7400
0004
8400
000E
7000
7401
0003
8400
000E
7000
7402
0002
8400
000E
7000
7403
0001
8400
000D
7000
A000
0400
C200
0400
C200
CC00
0001
7000
88FF
0001
7000
74FF
C200
0410
C200
CA00
C800
C400
6980
6A20
9805
3100
CC00
9807
0400
9E06
0400
2100
CC00
9801
9E01
07FF
C200
CA00
6400
C200
CA00
C000
61A0
C800
9403
013A
1009
A000
0001
7000
74FF
C200
040B
C200
06AE
1408
C200
0001
7400
C200
0002
7400
C200
0003
7400
C200
0004
7400
C200
65E0
C400
0806
2600
0002
8400
CC00
65E0
0001
8400
0039
1006
A000
0401
C200
CA00
C800
4400
C200
0400
C200
CA00
C800
3100
9402
0400
9E01
07FF
C200
CA00
6400
C200
CA00
C000
61A0
C800
9403
02CC
1008
A000
0129
1009
A000
0001
7000
74FF
C200
0400
C200
06EE
1408
C200
0001
7400
C200
0002
7400
C200
0003
7400
C200
0004
7400
C200
65E0
C400
0806
2600
0002
8400
CC00
65E0
0001
8400
0039
1006
A000
0002
7000
7400
C200
CA00
C800
3100
9402
0400
9E01
07FF
C200
0001
7000
74FF
C200
0401
C200
071C
1408
C200
0001
7400
C200
0002
7400
C200
0003
7400
C200
0004
7400
C200
65E0
C400
0806
2600
0002
8400
CC00
65E0
0001
8400
0039
1006
A000
0002
7000
74FF
C200
CA00
C800
3100
9402
0400
9E01
07FF
C200
CA00
C800
4400
C200
0001
7000
74FF
C200
0402
C200
074E
1408
C200
0001
7400
C200
0002
7400
C200
0003
7400
C200
0004
7400
C200
65E0
C400
0806
2600
0002
8400
CC00
65E0
0001
8400
0039
1006
A000
0002
7000
74FE
C200
CA00
C800
3100
9402
0400
9E01
07FF
C200
CA00
C800
4400
C200
0001
7000
74FF
C200
0403
C200
0780
1408
C200
0001
7400
C200
0002
7400
C200
0003
7400
C200
0004
7400
C200
65E0
C400
0806
2600
0002
8400
CC00
65E0
0001
8400
0039
1006
A000
0002
7000
74FD
C200
CA00
C800
3100
9402
0400
9E01
07FF
C200
CA00
C800
4400
C200
0001
7000
74FF
C200
0404
C200
07B2
1408
C200
0001
7400
C200
0002
7400
C200
0003
7400
C200
0004
7400
C200
65E0
C400
0806
2600
0002
8400
CC00
65E0
0001
8400
0039
1006
A000
0002
7000
74FC
C200
CA00
C800
3100
9402
0400
9E01
07FF
C200
CA00
C800
4400
C200
0001
7000
74FF
C200
0405
C200
07E4
1408
C200
0001
7400
C200
0002
7400
C200
0003
7400
C200
0004
7400
C200
65E0
C400
0806
2600
0002
8400
CC00
65E0
0001
8400
0039
1006
A000
0002
7000
74FB
C200
CA00
C800
3100
9402
0400
9E01
07FF
C200
CA00
C800
4400
C200
0001
7000
74FF
C200
0406
C200
0416
1409
C200
0001
7400
C200
0002
7400
C200
0003
7400
C200
0004
7400
C200
65E0
C400
0806
2600
0002
8400
CC00
65E0
0001
8400
0039
1006
A000
0002
7000
74FA
C200
CA00
C800
3100
9402
0400
9E01
07FF
C200
CA00
C800
4400
C200
0001
7000
74FF
C200
0407
C200
0448
1409
C200
0001
7400
C200
0002
7400
C200
0003
7400
C200
0004
7400
C200
65E0
C400
0806
2600
0002
8400
CC00
65E0
0001
8400
0039
1006
A000
0002
7000
74F9
C200
CA00
C800
3100
9402
0400
9E01
07FF
C200
CA00
C800
4400
C200
0001
7000
74FF
C200
0408
C200
047A
1409
C200
0001
7400
C200
0002
7400
C200
0003
7400
C200
0004
7400
C200
65E0
C400
0806
2600
0002
8400
CC00
65E0
0001
8400
0039
1006
A000
0002
7000
74F8
C200
CA00
C800
3100
9402
0400
9E01
07FF
C200
CA00
C800
4400
C200
0001
7000
74FF
C200
0409
C200
04AC
1409
C200
0001
7400
C200
0002
7400
C200
0003
7400
C200
0004
7400
C200
65E0
C400
0806
2600
0002
8400
CC00
65E0
0001
8400
0039
1006
A000
0002
7000
74F7
C200
CA00
C800
3100
9402
0400
9E01
07FF
C200
CA00
C800
4400
C200
0001
7000
74FF
C200
040A
C200
04DE
1409
C200
0001
7400
C200
0002
7400
C200
0003
7400
C200
0004
7400
C200
65E0
C400
0806
2600
0002
8400
CC00
65E0
0001
8400
0039
1006
A000
0002
7000
74F6
C200
CA00
C800
3100
9402
0400
9E01
07FF
C200
CA00
C800
4400
C200
CA00
C000
61A0
C800
9403
00F9
1009
A000
0126
1009
A000
0001
7000
74FF
C200
0001
7400
000E
8400
61A0
7404
000D
8400
CA00
0002
7000
8400
0002
7400
6DA0
000E
7000
7400
0004
8400
000E
7000
7401
0003
8400
000E
7000
7402
0002
8400
000E
7000
7403
0001
8400
000D
7000
A000
0126
1009
A000
0129
1009
A000
0001
7000
74FF
C200
0401
C200
CA00
C800
2400
C200
CC00
0001
7000
88FF
0269
1008
A000
07FF
C200
0001
7400
000E
8400
61A0
7404
000D
8400
CA00
0002
7000
8400
0002
7400
6DA0
000E
7000
7400
0004
8400
000E
7000
7401
0003
8400
000E
7000
7402
0002
8400
000E
7000
7403
0001
8400
000D
7000
A000
0400
C200
C200
0002
7000
7400
C200
0002
7000
74FF
C200
0002
7000
74FE
C200
0002
7000
74FD
C200
0002
7000
74FC
C200
0002
7000
74FB
C200
0002
7000
74FA
C200
0002
7000
74F9
C200
0002
7000
74F8
C200
0002
7000
74F7
C200
0002
7000
74F6
C200
05AD
1409
C200
0001
7400
C200
0002
7400
C200
0003
7400
C200
0004
7400
C200
65E0
C400
080F
2600
0002
8400
CC00
65E0
0001
8400
0261
1008
A000
CC00
0001
7000
88FF
0001
7000
74FF
C200
0400
C200
CA00
C800
C400
6980
6A20
9805
3100
CC00
9807
0400
9E06
0400
2100
CC00
9801
9E01
07FF
C200
CA00
6400
C200
CA00
C000
61A0
C800
9403
01D7
1009
A000
0202
1009
A000
07FE
C200
0001
7400
000E
8400
61A0
7404
000D
8400
CA00
0002
7000
8400
0002
7400
6DA0
000E
7000
7400
0004
8400
000E
7000
7401
0003
8400
000E
7000
7402
0002
8400
000E
7000
7403
0001
8400
000D
7000
A000
0202
1009
A000
0400
C200
CC00
0001
7000
88FE
0001
7000
74FE
C200
0410
C200
CA00
C800
C400
6980
6A20
9805
3100
CC00
9807
0400
9E06
0400
2100
CC00
9801
9E01
07FF
C200
CA00
6400
C200
CA00
C000
61A0
C800
9403
014B
100A
A000
0001
7000
74FE
C200
040B
C200
064D
1409
C200
0001
7400
C200
0002
7400
C200
0003
7400
C200
0004
7400
C200
65E0
C400
0806
2600
0002
8400
CC00
65E0
0001
8400
0039
1006
A000
0401
C200
CA00
C800
4400
C200
0400
C200
CA00
C800
3100
9402
0400
9E01
07FF
C200
CA00
C000
61A0
C800
9403
0268
1009
A000
013A
100A
A000
0001
7000
74FE
C200
0400
C200
0002
7000
7400
C200
068E
1409
C200
0001
7400
C200
0002
7400
C200
0003
7400
C200
0004
7400
C200
65E0
C400
0807
2600
0002
8400
CC00
65E0
0001
8400
0091
1006
A000
CA00
0005
8400
0001
7000
74FE
C200
0401
C200
0002
7000
74FF
C200
06B7
1409
C200
0001
7400
C200
0002
7400
C200
0003
7400
C200
0004
7400
C200
65E0
C400
0807
2600
0002
8400
CC00
65E0
0001
8400
0091
1006
A000
CA00
0005
8400
0001
7000
74FE
C200
0402
C200
0002
7000
74FE
C200
06E0
1409
C200
0001
7400
C200
0002
7400
C200
0003
7400
C200
0004
7400
C200
65E0
C400
0807
2600
0002
8400
CC00
65E0
0001
8400
0091
1006
A000
CA00
0005
8400
0001
7000
74FE
C200
0403
C200
0002
7000
74FD
C200
0709
1409
C200
0001
7400
C200
0002
7400
C200
0003
7400
C200
0004
7400
C200
65E0
C400
0807
2600
0002
8400
CC00
65E0
0001
8400
0091
1006
A000
CA00
0005
8400
0001
7000
74FE
C200
0404
C200
0002
7000
74FC
C200
0732
1409
C200
0001
7400
C200
0002
7400
C200
0003
7400
C200
0004
7400
C200
65E0
C400
0807
2600
0002
8400
CC00
65E0
0001
8400
0091
1006
A000
CA00
0005
8400
0001
7000
74FE
C200
0405
C200
0002
7000
74FB
C200
075B
1409
C200
0001
7400
C200
0002
7400
C200
0003
7400
C200
0004
7400
C200
65E0
C400
0807
2600
0002
8400
CC00
65E0
0001
8400
0091
1006
A000
CA00
0005
8400
0001
7000
74FE
C200
0406
C200
0002
7000
74FA
C200
0784
1409
C200
0001
7400
C200
0002
7400
C200
0003
7400
C200
0004
7400
C200
65E0
C400
0807
2600
0002
8400
CC00
65E0
0001
8400
0091
1006
A000
CA00
0005
8400
0001
7000
74FE
C200
0407
C200
0002
7000
74F9
C200
07AD
1409
C200
0001
7400
C200
0002
7400
C200
0003
7400
C200
0004
7400
C200
65E0
C400
0807
2600
0002
8400
CC00
65E0
0001
8400
0091
1006
A000
CA00
0005
8400
0001
7000
74FE
C200
0408
C200
0002
7000
74F8
C200
07D6
1409
C200
0001
7400
C200
0002
7400
C200
0003
7400
C200
0004
7400
C200
65E0
C400
0807
2600
0002
8400
CC00
65E0
0001
8400
0091
1006
A000
CA00
0005
8400
0001
7000
74FE
C200
0409
C200
0002
7000
74F7
C200
07FF
1409
C200
0001
7400
C200
0002
7400
C200
0003
7400
C200
0004
7400
C200
65E0
C400
0807
2600
0002
8400
CC00
65E0
0001
8400
0091
1006
A000
CA00
0005
8400
0001
7000
74FE
C200
040A
C200
0002
7000
74F6
C200
0428
140A
C200
0001
7400
C200
0002
7400
C200
0003
7400
C200
0004
7400
C200
65E0
C400
0807
2600
0002
8400
CC00
65E0
0001
8400
0091
1006
A000
CA00
0005
8400
0001
7000
74FE
C200
040B
C200
0401
C200
044F
140A
C200
0001
7400
C200
0002
7400
C200
0003
7400
C200
0004
7400
C200
65E0
C400
0807
2600
0002
8400
CC00
65E0
0001
8400
0091
1006
A000
CA00
0005
8400
0001
7000
74FE
C200
040C
C200
0400
C200
0476
140A
C200
0001
7400
C200
0002
7400
C200
0003
7400
C200
0004
7400
C200
65E0
C400
0807
2600
0002
8400
CC00
65E0
0001
8400
0091
1006
A000
CA00
0005
8400
0001
7000
74FE
C200
040D
C200
0400
C200
049D
140A
C200
0001
7400
C200
0002
7400
C200
0003
7400
C200
0004
7400
C200
65E0
C400
0807
2600
0002
8400
CC00
65E0
0001
8400
0091
1006
A000
CA00
0005
8400
0001
7000
74FE
C200
040E
C200
0400
C200
04C4
140A
C200
0001
7400
C200
0002
7400
C200
0003
7400
C200
0004
7400
C200
65E0
C400
0807
2600
0002
8400
CC00
65E0
0001
8400
0091
1006
A000
CA00
0005
8400
0001
7000
74FE
C200
040F
C200
0400
C200
04EB
140A
C200
0001
7400
C200
0002
7400
C200
0003
7400
C200
0004
7400
C200
65E0
C400
0807
2600
0002
8400
CC00
65E0
0001
8400
0091
1006
A000
CA00
0005
8400
050A
140A
C200
0001
7400
C200
0002
7400
C200
0003
7400
C200
0004
7400
C200
65E0
C400
0804
2600
0002
8400
CC00
65E0
0001
8400
025C
1006
A000
CA00
0005
8400
0001
7000
74FE
C200
0001
7400
000E
8400
61A0
7404
000D
8400
CA00
0002
7000
8400
0002
7400
6DA0
000E
7000
7400
0004
8400
000E
7000
7401
0003
8400
000E
7000
7402
0002
8400
000E
7000
7403
0001
8400
000D
7000
A000
013A
100A
A000
0001
7000
74FE
C200
0401
C200
CA00
C800
2400
C200
CC00
0001
7000
88FE
0208
1009
A000
07FF
C200
0001
7400
000E
8400
61A0
7404
000D
8400
CA00
0002
7000
8400
0002
7400
6DA0
000E
7000
7400
0004
8400
000E
7000
7401
0003
8400
000E
7000
7402
0002
8400
000E
7000
7403
0001
8400
000D
7000
A000
0400
C200
0405
C200
CC00
0001
7000
88FF
0001
7000
74FF
C200
0500
C200
CA00
C800
C400
6980
6A20
9805
3100
CC00
9807
0400
9E06
0400
2100
CC00
9801
9E01
07FF
C200
CA00
6400
C200
CA00
C000
61A0
C800
9403
0246
100A
A000
0001
7000
74FF
C200
05BE
140A
C200
0001
7400
C200
0002
7400
C200
0003
7400
C200
0004
7400
C200
65E0
C400
0805
2600
0002
8400
CC00
65E0
0001
8400
0344
1005
A000
0400
C200
CA00
C800
3100
9402
0400
9E01
07FF
C200
CA00
C000
61A0
C800
9403
01D3
100A
A000
0235
100A
A000
0001
7000
74FF
C200
07FF
C200
05F5
140A
C200
0001
7400
C200
0002
7400
C200
0003
7400
C200
0004
7400
C200
65E0
C400
0806
2600
0002
8400
CC00
65E0
0001
8400
037C
1005
A000
CA00
0005
8400
0016
7400
C200
0401
C200
CA00
C800
C400
69A0
6580
3600
CC00
C200
CA00
0016
8400
0001
7000
74FF
C200
0001
7400
000E
8400
61A0
7404
000D
8400
CA00
0002
7000
8400
0002
7400
6DA0
000E
7000
7400
0004
8400
000E
7000
7401
0003
8400
000E
7000
7402
0002
8400
000E
7000
7403
0001
8400
000D
7000
A000
0235
100A
A000
0001
7000
74FF
C200
0401
C200
CA00
C800
2400
C200
CC00
0001
7000
88FF
017B
100A
A000
07FF
C200
0001
7400
000E
8400
61A0
7404
000D
8400
CA00
0002
7000
8400
0002
7400
6DA0
000E
7000
7400
0004
8400
000E
7000
7401
0003
8400
000E
7000
7402
0002
8400
000E
7000
7403
0001
8400
000D
7000
A000
0400
C200
0002
7000
7400
C200
0400
C200
CA00
C800
C400
6980
6A20
9805
3100
CC00
9206
0400
9E05
0400
2100
CC00
9801
07FF
C200
0400
C200
CA00
C800
3100
9402
0400
9E01
07FF
C200
CA00
C000
61A0
C800
9403
02C1
100A
A000
0002
7000
7400
C200
0500
C200
CA00
C800
C400
6980
6A20
9805
3100
CC00
9807
0400
9E06
0400
2100
CC00
9801
9E01
07FF
C200
0400
C200
CA00
C800
3100
9402
0400
9E01
07FF
C200
CA00
6400
C200
02C3
100A
A000
0400
C200
CA00
6400
C200
CA00
C000
61A0
C800
9403
03C8
100A
A000
0002
7000
7400
C200
06EE
140A
C200
0001
7400
C200
0002
7400
C200
0003
7400
C200
0004
7400
C200
65E0
C400
0805
2600
0002
8400
CC00
65E0
0001
8400
0344
1005
A000
CC00
0001
7000
88FF
0002
7000
7400
C200
0400
C200
0714
140A
C200
0001
7400
C200
0002
7400
C200
0003
7400
C200
0004
7400
C200
65E0
C400
0806
2600
0002
8400
CC00
65E0
0001
8400
037C
1005
A000
CA00
0005
8400
0016
7400
C200
0401
C200
CA00
C800
2400
C200
CA00
0016
8400
0001
7000
74FF
C200
0400
C200
CA00
C800
3100
9402
0400
9E01
07FF
C200
CA00
C000
61A0
C800
9403
0357
100A
A000
0001
7000
74FF
C200
07FF
C200
CA00
C800
3100
9402
0400
9E01
07FF
C200
0400
C200
CA00
C800
3100
9402
0400
9E01
07FF
C200
CA00
6400
C200
035C
100A
A000
0400
C200
CA00
6400
C200
CA00
C000
61A0
C800
9403
0382
100A
A000
0001
7000
74FF
C200
07FE
C200
CA00
C800
3100
9402
0400
9E01
07FF
C200
0400
C200
CA00
C800
3100
9402
0400
9E01
07FF
C200
CA00
6400
C200
0387
100A
A000
0400
C200
CA00
6400
C200
CA00
C000
61A0
C800
9403
0392
100A
A000
03BD
100A
A000
0400
C200
0001
7400
000E
8400
61A0
7404
000D
8400
CA00
0002
7000
8400
0002
7400
6DA0
000E
7000
7400
0004
8400
000E
7000
7401
0003
8400
000E
7000
7402
0002
8400
000E
7000
7403
0001
8400
000D
7000
A000
03BD
100A
A000
0001
7000
74FF
C200
CC00
0002
7000
8800
0270
100A
A000
0400
C200
0001
7400
000E
8400
61A0
7404
000D
8400
CA00
0002
7000
8400
0002
7400
6DA0
000E
7000
7400
0004
8400
000E
7000
7401
0003
8400
000E
7000
7402
0002
8400
000E
7000
7403
0001
8400
000D
7000
A000
0400
C200
0002
7000
7400
C200
040C
C200
0414
140B
C200
0001
7400
C200
0002
7400
C200
0003
7400
C200
0004
7400
C200
65E0
C400
0806
2600
0002
8400
CC00
65E0
0001
8400
0039
1006
A000
CC00
0001
7000
88FF
0001
7000
74FF
C200
0400
C200
CA00
C800
C400
6980
6A20
9805
3100
CC00
9206
0400
9E05
0400
2100
CC00
9801
07FF
C200
CA00
C000
61A0
C800
9403
003A
100B
A000
007F
100B
A000
0001
7000
74FF
C200
045A
140B
C200
0001
7400
C200
0002
7400
C200
0003
7400
C200
0004
7400
C200
65E0
C400
0805
2600
0002
8400
CC00
65E0
0001
8400
026E
100A
A000
CA00
0005
8400
0479
140B
C200
0001
7400
C200
0002
7400
C200
0003
7400
C200
0004
7400
C200
65E0
C400
0804
2600
0002
8400
CC00
65E0
0001
8400
0170
1006
A000
CA00
0005
8400
007F
100B
A000
0002
7000
7400
C200
040B
C200
0400
C200
04A3
140B
C200
0001
7400
C200
0002
7400
C200
0003
7400
C200
0004
7400
C200
65E0
C400
0807
2600
0002
8400
CC00
65E0
0001
8400
0091
1006
A000
CA00
0005
8400
04C2
140B
C200
0001
7400
C200
0002
7400
C200
0003
7400
C200
0004
7400
C200
65E0
C400
0804
2600
0002
8400
CC00
65E0
0001
8400
025C
1006
A000
CA00
0005
8400
0400
C200
0001
7400
000E
8400
61A0
7404
000D
8400
CA00
0002
7000
8400
0002
7400
6DA0
000E
7000
7400
0004
8400
000E
7000
7401
0003
8400
000E
7000
7402
0002
8400
000E
7000
7403
0001
8400
000D
7000
A000
0400
C200
C200
C200
C200
C200
C200
0002
7000
7400
C200
040C
C200
0516
140B
C200
0001
7400
C200
0002
7400
C200
0003
7400
C200
0004
7400
C200
65E0
C400
0806
2600
0002
8400
CC00
65E0
0001
8400
0039
1006
A000
CC00
0001
7000
88FF
0002
7000
74FE
C200
0400
C200
CA00
C800
3100
9402
0400
9E01
07FF
C200
CA00
C000
61A0
C800
9403
0133
100B
A000
0232
100B
A000
0002
7000
7400
C200
040C
C200
0400
C200
0557
140B
C200
0001
7400
C200
0002
7400
C200
0003
7400
C200
0004
7400
C200
65E0
C400
0807
2600
0002
8400
CC00
65E0
0001
8400
0091
1006
A000
CA00
0005
8400
0002
7000
7400
C200
040D
C200
0400
C200
057E
140B
C200
0001
7400
C200
0002
7400
C200
0003
7400
C200
0004
7400
C200
65E0
C400
0807
2600
0002
8400
CC00
65E0
0001
8400
0091
1006
A000
CA00
0005
8400
0001
7000
74FF
C200
0400
C200
CA00
C800
C400
6980
6A20
9805
3100
CC00
9206
0400
9E05
0400
2100
CC00
9801
07FF
C200
CA00
C000
61A0
C800
9403
01A3
100B
A000
01C9
100B
A000
0001
7000
74FF
C200
05C3
140B
C200
0001
7400
C200
0002
7400
C200
0003
7400
C200
0004
7400
C200
65E0
C400
0805
2600
0002
8400
CC00
65E0
0001
8400
026E
100A
A000
CA00
0005
8400
01C9
100B
A000
05E5
140B
C200
0001
7400
C200
0002
7400
C200
0003
7400
C200
0004
7400
C200
65E0
C400
0804
2600
0002
8400
CC00
65E0
0001
8400
0170
1006
A000
CA00
0005
8400
0604
140B
C200
0001
7400
C200
0002
7400
C200
0003
7400
C200
0004
7400
C200
65E0
C400
0804
2600
0002
8400
CC00
65E0
0001
8400
025C
1006
A000
CA00
0005
8400
0400
C200
0001
7400
000E
8400
61A0
7404
000D
8400
CA00
0002
7000
8400
0002
7400
6DA0
000E
7000
7400
0004
8400
000E
7000
7401
0003
8400
000E
7000
7402
0002
8400
000E
7000
7403
0001
8400
000D
7000
A000
0232
100B
A000
064E
140B
C200
0001
7400
C200
0002
7400
C200
0003
7400
C200
0004
7400
C200
65E0
C400
0804
2600
0002
8400
CC00
65E0
0001
8400
0173
100A
A000
CC00
0001
7000
88FE
0001
7000
74FE
C200
0400
C200
CA00
C800
C400
6980
6A20
9805
3100
CC00
9807
0400
9E06
0400
2100
CC00
9801
9E01
07FF
C200
CA00
C000
61A0
C800
9403
0275
100B
A000
02A0
100B
A000
07FF
C200
0001
7400
000E
8400
61A0
7404
000D
8400
CA00
0002
7000
8400
0002
7400
6DA0
000E
7000
7400
0004
8400
000E
7000
7401
0003
8400
000E
7000
7402
0002
8400
000E
7000
7403
0001
8400
000D
7000
A000
02A0
100B
A000
0001
7000
74FE
C200
CC00
0001
7000
88FD
0400
C200
CC00
0001
7000
88FC
0400
C200
CC00
0001
7000
88FB
0001
7000
74FC
C200
0002
7000
74FE
C200
CA00
C800
C400
6980
6A20
9805
3100
CC00
9807
0400
9E06
0400
2100
CC00
9801
9E01
07FF
C200
CA00
6400
C200
CA00
C000
61A0
C800
9403
00F8
100C
A000
0014
7400
C200
0001
7000
74FB
C200
CA00
C800
2400
C200
0002
7000
74FF
C200
0001
7000
74FC
C200
CA00
C800
2400
C200
CA00
0004
8400
0004
7000
7400
C200
CA00
0005
8400
CA00
0004
8400
0005
7400
C200
CC00
0004
7000
8800
0400
C200
CA00
0005
8400
0001
7000
74FB
C200
0401
C200
CA00
C800
2400
C200
CC00
0001
7000
88FB
0001
7000
74FC
C200
0401
C200
CA00
C800
2400
C200
CC00
0001
7000
88FC
0001
7000
74FB
C200
0480
C200
CA00
C800
C400
6980
6A20
9805
3100
CC00
9807
0400
9E06
0400
2100
CC00
9801
9E01
07FF
C200
CA00
6400
C200
0001
7000
74FC
C200
0002
7000
74FE
C200
CA00
C800
C400
6980
6A20
9805
3100
CC00
9807
0400
9E06
0400
2100
CC00
9801
9E01
07FF
C200
CA00
6400
C200
CA00
C800
5400
C200
CA00
C000
61A0
C800
9403
036C
100B
A000
00F5
100C
A000
0001
7000
74FB
C200
0480
C200
CA00
C800
C400
6980
6A20
9805
3100
CC00
9807
0400
9E06
0400
2100
CC00
9801
9E01
07FF
C200
CA00
6400
C200
CA00
C000
61A0
C800
9403
03BF
100B
A000
0014
7400
C200
0001
7000
74FB
C200
CA00
C800
2400
C200
0400
C200
CA00
0005
8400
CA00
0004
8400
0005
7400
C200
CC00
0004
7000
8800
0400
C200
CA00
0005
8400
0001
7000
74FB
C200
0401
C200
CA00
C800
2400
C200
CC00
0001
7000
88FB
036C
100B
A000
0001
7000
74FD
C200
0014
7400
C200
07E2
140B
C200
0001
7400
C200
0002
7400
C200
0003
7400
C200
0004
7400
C200
65E0
C400
0806
2600
0002
8400
CC00
65E0
0001
8400
004D
1005
A000
CA00
0005
8400
0400
C200
CC00
0001
7000
88FB
0001
7000
74FC
C200
0002
7000
74FE
C200
CA00
C800
C400
6980
6A20
9805
3100
CC00
9807
0400
9E06
0400
2100
CC00
9801
9E01
07FF
C200
CA00
C000
61A0
C800
9403
0010
100C
A000
00F2
100C
A000
042C
140C
C200
0001
7400
C200
0002
7400
C200
0003
7400
C200
0004
7400
C200
65E0
C400
0804
2600
0002
8400
CC00
65E0
0001
8400
0173
100A
A000
CC00
0001
7000
88FA
0001
7000
74FA
C200
0400
C200
CA00
C800
C400
6980
6A20
9805
3100
CC00
9807
0400
9E06
0400
2100
CC00
9801
9E01
07FF
C200
CA00
C000
61A0
C800
9403
0053
100C
A000
00C0
100C
A000
0001
7000
74FE
C200
0473
140C
C200
0001
7400
C200
0002
7400
C200
0003
7400
C200
0004
7400
C200
65E0
C400
0805
2600
0002
8400
CC00
65E0
0001
8400
026E
100A
A000
CA00
0005
8400
0492
140C
C200
0001
7400
C200
0002
7400
C200
0003
7400
C200
0004
7400
C200
65E0
C400
0804
2600
0002
8400
CC00
65E0
0001
8400
0170
1006
A000
CA00
0005
8400
07FF
C200
0001
7400
000E
8400
61A0
7404
000D
8400
CA00
0002
7000
8400
0002
7400
6DA0
000E
7000
7400
0004
8400
000E
7000
7401
0003
8400
000E
7000
7402
0002
8400
000E
7000
7403
0001
8400
000D
7000
A000
00C0
100C
A000
0001
7000
74FD
C200
0001
7000
74FA
C200
04E4
140C
C200
0001
7400
C200
0002
7400
C200
0003
7400
C200
0004
7400
C200
65E0
C400
0806
2600
0002
8400
CC00
65E0
0001
8400
037C
1005
A000
CA00
0005
8400
0001
7000
74FA
C200
CC00
0001
7000
88FD
00F2
100C
A000
00F5
100C
A000
02B4
100B
A000
0002
7000
7400
C200
040C
C200
0001
7000
74FE
C200
051E
140C
C200
0001
7400
C200
0002
7400
C200
0003
7400
C200
0004
7400
C200
65E0
C400
0807
2600
0002
8400
CC00
65E0
0001
8400
0091
1006
A000
CA00
0005
8400
0002
7000
7400
C200
040D
C200
0002
7000
74FE
C200
0547
140C
C200
0001
7400
C200
0002
7400
C200
0003
7400
C200
0004
7400
C200
65E0
C400
0807
2600
0002
8400
CC00
65E0
0001
8400
0091
1006
A000
CA00
0005
8400
0001
7000
74FF
C200
0400
C200
CA00
C800
C400
6980
6A20
9805
3100
CC00
9206
0400
9E05
0400
2100
CC00
9801
07FF
C200
CA00
C000
61A0
C800
9403
016C
100C
A000
0192
100C
A000
0001
7000
74FF
C200
058C
140C
C200
0001
7400
C200
0002
7400
C200
0003
7400
C200
0004
7400
C200
65E0
C400
0805
2600
0002
8400
CC00
65E0
0001
8400
026E
100A
A000
CA00
0005
8400
0192
100C
A000
05AE
140C
C200
0001
7400
C200
0002
7400
C200
0003
7400
C200
0004
7400
C200
65E0
C400
0804
2600
0002
8400
CC00
65E0
0001
8400
0170
1006
A000
CA00
0005
8400
05CD
140C
C200
0001
7400
C200
0002
7400
C200
0003
7400
C200
0004
7400
C200
65E0
C400
0804
2600
0002
8400
CC00
65E0
0001
8400
025C
1006
A000
CA00
0005
8400
0400
C200
0001
7400
000E
8400
61A0
7404
000D
8400
CA00
0002
7000
8400
0002
7400
6DA0
000E
7000
7400
0004
8400
000E
7000
7401
0003
8400
000E
7000
7402
0002
8400
000E
7000
7403
0001
8400
000D
7000
A000
0405
C200
0616
140C
C200
0001
7400
C200
0002
7400
C200
0003
7400
C200
0004
7400
C200
65E0
C400
0805
2600
0002
8400
CC00
65E0
0001
8400
00D5
1001
A000
CA00
0003
8400
0452
C200
0637
140C
C200
0001
7400
C200
0002
7400
C200
0003
7400
C200
0004
7400
C200
65E0
C400
0805
2600
0002
8400
CC00
65E0
0001
8400
0319
1002
A000
CC00
0003
7000
8800
0400
C200
CC00
0003
7000
8801
0408
C200
065F
140C
C200
0001
7400
C200
0002
7400
C200
0003
7400
C200
0004
7400
C200
65E0
C400
0805
2600
0002
8400
CC00
65E0
0001
8400
0319
1002
A000
CC00
0003
7000
8802
0403
C200
0681
140C
C200
0001
7400
C200
0002
7400
C200
0003
7400
C200
0004
7400
C200
65E0
C400
0805
2600
0002
8400
CC00
65E0
0001
8400
0319
1002
A000
CC00
0003
7000
8803
0600
1400
C200
06A4
140C
C200
0001
7400
C200
0002
7400
C200
0003
7400
C200
0004
7400
C200
65E0
C400
0805
2600
0002
8400
CC00
65E0
0001
8400
00D5
1001
A000
CC00
0003
7000
8804
06C4
140C
C200
0001
7400
C200
0002
7400
C200
0003
7400
C200
0004
7400
C200
65E0
C400
0804
2600
0002
8400
CC00
65E0
0001
8400
0312
100C
A000
CA00
0005
8400
0003
7400
C200
06E6
140C
C200
0001
7400
C200
0002
7400
C200
0003
7400
C200
0004
7400
C200
65E0
C400
0805
2600
0002
8400
CC00
65E0
0001
8400
00A4
100D
A000
CA00
0005
8400
0003
7400
C200
0001
7400
000E
8400
61A0
7404
000D
8400
CA00
0002
7000
8400
0002
7400
6DA0
000E
7000
7400
0004
8400
000E
7000
7401
0003
8400
000E
7000
7402
0002
8400
000E
7000
7403
0001
8400
000D
7000
A000
0400
C200
0400
C200
CC00
0001
7000
88FF
0001
7000
74FF
C200
0560
1402
C200
CA00
C800
C400
6980
6A20
9805
3100
CC00
9807
0400
9E06
0400
2100
CC00
9801
9E01
07FF
C200
CA00
6400
C200
CA00
C000
61A0
C800
9403
036F
100C
A000
0400
143B
C200
0001
7000
74FF
C200
CA00
C800
2400
C200
0720
1401
C200
CA00
0005
8400
CA00
0004
8400
0005
7400
C200
CC00
0004
7000
8800
0400
C200
CA00
0005
8400
0001
7000
74FF
C200
0401
C200
CA00
C800
2400
C200
CC00
0001
7000
88FF
031A
100C
A000
0400
C200
CC00
0001
7000
88FF
0001
7000
74FF
C200
0450
C200
CA00
C800
C400
6980
6A20
9805
3100
CC00
9807
0400
9E06
0400
2100
CC00
9801
9E01
07FF
C200
CA00
6400
C200
CA00
C000
61A0
C800
9403
03C9
100C
A000
0400
143B
C200
0001
7000
74FF
C200
CA00
C800
2400
C200
0720
1407
C200
CA00
0005
8400
CA00
0004
8400
0005
7400
C200
CC00
0004
7000
8800
0400
C200
CA00
0005
8400
0001
7000
74FF
C200
0401
C200
CA00
C800
2400
C200
CC00
0001
7000
88FF
0375
100C
A000
0424
143B
C200
074E
1407
C200
CA00
0005
8400
CA00
0004
8400
0005
7400
C200
CC00
0004
7000
8800
0400
C200
CA00
0005
8400
0425
143B
C200
0765
1407
C200
CA00
0005
8400
CA00
0004
8400
0005
7400
C200
CC00
0004
7000
8800
0400
C200
CA00
0005
8400
0426
143B
C200
0778
1407
C200
CA00
0005
8400
CA00
0004
8400
0005
7400
C200
CC00
0004
7000
8800
0400
C200
CA00
0005
8400
0427
143B
C200
0761
1407
C200
CA00
0005
8400
CA00
0004
8400
0005
7400
C200
CC00
0004
7000
8800
0400
C200
CA00
0005
8400
0428
143B
C200
074F
1407
C200
CA00
0005
8400
CA00
0004
8400
0005
7400
C200
CC00
0004
7000
8800
0400
C200
CA00
0005
8400
0429
143B
C200
0753
1407
C200
CA00
0005
8400
CA00
0004
8400
0005
7400
C200
CC00
0004
7000
8800
0400
C200
CA00
0005
8400
0401
C200
0400
C200
0479
140D
C200
0001
7400
C200
0002
7400
C200
0003
7400
C200
0004
7400
C200
65E0
C400
0806
2600
0002
8400
CC00
65E0
0001
8400
00A5
1004
A000
CA00
0005
8400
0400
C200
0001
7400
000E
8400
61A0
7404
000D
8400
CA00
0002
7000
8400
0002
7400
6DA0
000E
7000
7400
0004
8400
000E
7000
7401
0003
8400
000E
7000
7402
0002
8400
000E
7000
7403
0001
8400
000D
7000
A000
0002
7000
7400
C200
CA00
0003
8400
04C7
140D
C200
0001
7400
C200
0002
7400
C200
0003
7400
C200
0004
7400
C200
65E0
C400
0804
2600
0002
8400
CC00
65E0
0001
8400
0311
1003
A000
CA00
0005
8400
0415
C200
04E8
140D
C200
0001
7400
C200
0002
7400
C200
0003
7400
C200
0004
7400
C200
65E0
C400
0805
2600
0002
8400
CC00
65E0
0001
8400
005A
1002
A000
044E
C200
0506
140D
C200
0001
7400
C200
0002
7400
C200
0003
7400
C200
0004
7400
C200
65E0
C400
0806
2600
0002
8400
CC00
65E0
0001
8400
0263
1002
A000
0465
C200
0524
140D
C200
0001
7400
C200
0002
7400
C200
0003
7400
C200
0004
7400
C200
65E0
C400
0806
2600
0002
8400
CC00
65E0
0001
8400
0263
1002
A000
0478
C200
0542
140D
C200
0001
7400
C200
0002
7400
C200
0003
7400
C200
0004
7400
C200
65E0
C400
0806
2600
0002
8400
CC00
65E0
0001
8400
0263
1002
A000
0461
C200
0560
140D
C200
0001
7400
C200
0002
7400
C200
0003
7400
C200
0004
7400
C200
65E0
C400
0806
2600
0002
8400
CC00
65E0
0001
8400
0263
1002
A000
044F
C200
057E
140D
C200
0001
7400
C200
0002
7400
C200
0003
7400
C200
0004
7400
C200
65E0
C400
0806
2600
0002
8400
CC00
65E0
0001
8400
0263
1002
A000
0453
C200
059C
140D
C200
0001
7400
C200
0002
7400
C200
0003
7400
C200
0004
7400
C200
65E0
C400
0806
2600
0002
8400
CC00
65E0
0001
8400
0263
1002
A000
0420
C200
05BA
140D
C200
0001
7400
C200
0002
7400
C200
0003
7400
C200
0004
7400
C200
65E0
C400
0806
2600
0002
8400
CC00
65E0
0001
8400
0263
1002
A000
0476
C200
05D8
140D
C200
0001
7400
C200
0002
7400
C200
0003
7400
C200
0004
7400
C200
65E0
C400
0806
2600
0002
8400
CC00
65E0
0001
8400
0263
1002
A000
0432
C200
05F6
140D
C200
0001
7400
C200
0002
7400
C200
0003
7400
C200
0004
7400
C200
65E0
C400
0806
2600
0002
8400
CC00
65E0
0001
8400
0263
1002
A000
042E
C200
0614
140D
C200
0001
7400
C200
0002
7400
C200
0003
7400
C200
0004
7400
C200
65E0
C400
0806
2600
0002
8400
CC00
65E0
0001
8400
0263
1002
A000
0431
C200
0632
140D
C200
0001
7400
C200
0002
7400
C200
0003
7400
C200
0004
7400
C200
65E0
C400
0806
2600
0002
8400
CC00
65E0
0001
8400
0263
1002
A000
0420
C200
0650
140D
C200
0001
7400
C200
0002
7400
C200
0003
7400
C200
0004
7400
C200
65E0
C400
0806
2600
0002
8400
CC00
65E0
0001
8400
0263
1002
A000
045B
C200
066E
140D
C200
0001
7400
C200
0002
7400
C200
0003
7400
C200
0004
7400
C200
65E0
C400
0806
2600
0002
8400
CC00
65E0
0001
8400
0263
1002
A000
044E
C200
068C
140D
C200
0001
7400
C200
0002
7400
C200
0003
7400
C200
0004
7400
C200
65E0
C400
0806
2600
0002
8400
CC00
65E0
0001
8400
0263
1002
A000
0465
C200
06AA
140D
C200
0001
7400
C200
0002
7400
C200
0003
7400
C200
0004
7400
C200
65E0
C400
0806
2600
0002
8400
CC00
65E0
0001
8400
0263
1002
A000
0478
C200
06C8
140D
C200
0001
7400
C200
0002
7400
C200
0003
7400
C200
0004
7400
C200
65E0
C400
0806
2600
0002
8400
CC00
65E0
0001
8400
0263
1002
A000
0461
C200
06E6
140D
C200
0001
7400
C200
0002
7400
C200
0003
7400
C200
0004
7400
C200
65E0
C400
0806
2600
0002
8400
CC00
65E0
0001
8400
0263
1002
A000
042D
C200
0704
140D
C200
0001
7400
C200
0002
7400
C200
0003
7400
C200
0004
7400
C200
65E0
C400
0806
2600
0002
8400
CC00
65E0
0001
8400
0263
1002
A000
0431
C200
0722
140D
C200
0001
7400
C200
0002
7400
C200
0003
7400
C200
0004
7400
C200
65E0
C400
0806
2600
0002
8400
CC00
65E0
0001
8400
0263
1002
A000
0436
C200
0740
140D
C200
0001
7400
C200
0002
7400
C200
0003
7400
C200
0004
7400
C200
65E0
C400
0806
2600
0002
8400
CC00
65E0
0001
8400
0263
1002
A000
045D
C200
075E
140D
C200
0001
7400
C200
0002
7400
C200
0003
7400
C200
0004
7400
C200
65E0
C400
0806
2600
0002
8400
CC00
65E0
0001
8400
0263
1002
A000
077A
140D
C200
0001
7400
C200
0002
7400
C200
0003
7400
C200
0004
7400
C200
65E0
C400
0805
2600
0002
8400
CC00
65E0
0001
8400
0068
1003
A000
CA00
0005
8400
0799
140D
C200
0001
7400
C200
0002
7400
C200
0003
7400
C200
0004
7400
C200
65E0
C400
0804
2600
0002
8400
CC00
65E0
0001
8400
0311
1003
A000
CA00
0005
8400
07B8
140D
C200
0001
7400
C200
0002
7400
C200
0003
7400
C200
0004
7400
C200
65E0
C400
0804
2600
0002
8400
CC00
65E0
0001
8400
031B
1005
A000
CA00
C000
61A0
C800
9403
03C3
100D
A000
01C4
100E
A000
07DF
140D
C200
0001
7400
C200
0002
7400
C200
0003
7400
C200
0004
7400
C200
65E0
C400
0804
2600
0002
8400
CC00
65E0
0001
8400
0172
1007
A000
07FB
140D
C200
0001
7400
C200
0002
7400
C200
0003
7400
C200
0004
7400
C200
65E0
C400
0805
2600
0002
8400
CC00
65E0
0001
8400
0136
1003
A000
CA00
0005
8400
040D
C200
041C
140E
C200
0001
7400
C200
0002
7400
C200
0003
7400
C200
0004
7400
C200
65E0
C400
0805
2600
0002
8400
CC00
65E0
0001
8400
005A
1002
A000
0420
C200
043A
140E
C200
0001
7400
C200
0002
7400
C200
0003
7400
C200
0004
7400
C200
65E0
C400
0806
2600
0002
8400
CC00
65E0
0001
8400
0263
1002
A000
0473
C200
0458
140E
C200
0001
7400
C200
0002
7400
C200
0003
7400
C200
0004
7400
C200
65E0
C400
0806
2600
0002
8400
CC00
65E0
0001
8400
0263
1002
A000
0465
C200
0476
140E
C200
0001
7400
C200
0002
7400
C200
0003
7400
C200
0004
7400
C200
65E0
C400
0806
2600
0002
8400
CC00
65E0
0001
8400
0263
1002
A000
0463
C200
0494
140E
C200
0001
7400
C200
0002
7400
C200
0003
7400
C200
0004
7400
C200
65E0
C400
0806
2600
0002
8400
CC00
65E0
0001
8400
0263
1002
A000
0474
C200
04B2
140E
C200
0001
7400
C200
0002
7400
C200
0003
7400
C200
0004
7400
C200
65E0
C400
0806
2600
0002
8400
CC00
65E0
0001
8400
0263
1002
A000
046F
C200
04D0
140E
C200
0001
7400
C200
0002
7400
C200
0003
7400
C200
0004
7400
C200
65E0
C400
0806
2600
0002
8400
CC00
65E0
0001
8400
0263
1002
A000
0472
C200
04EE
140E
C200
0001
7400
C200
0002
7400
C200
0003
7400
C200
0004
7400
C200
65E0
C400
0806
2600
0002
8400
CC00
65E0
0001
8400
0263
1002
A000
0473
C200
050C
140E
C200
0001
7400
C200
0002
7400
C200
0003
7400
C200
0004
7400
C200
65E0
C400
0806
2600
0002
8400
CC00
65E0
0001
8400
0263
1002
A000
0420
C200
052A
140E
C200
0001
7400
C200
0002
7400
C200
0003
7400
C200
0004
7400
C200
65E0
C400
0806
2600
0002
8400
CC00
65E0
0001
8400
0263
1002
A000
0466
C200
0548
140E
C200
0001
7400
C200
0002
7400
C200
0003
7400
C200
0004
7400
C200
65E0
C400
0806
2600
0002
8400
CC00
65E0
0001
8400
0263
1002
A000
0472
C200
0566
140E
C200
0001
7400
C200
0002
7400
C200
0003
7400
C200
0004
7400
C200
65E0
C400
0806
2600
0002
8400
CC00
65E0
0001
8400
0263
1002
A000
0465
C200
0584
140E
C200
0001
7400
C200
0002
7400
C200
0003
7400
C200
0004
7400
C200
65E0
C400
0806
2600
0002
8400
CC00
65E0
0001
8400
0263
1002
A000
0465
C200
05A2
140E
C200
0001
7400
C200
0002
7400
C200
0003
7400
C200
0004
7400
C200
65E0
C400
0806
2600
0002
8400
CC00
65E0
0001
8400
0263
1002
A000
05BE
140E
C200
0001
7400
C200
0002
7400
C200
0003
7400
C200
0004
7400
C200
65E0
C400
0805
2600
0002
8400
CC00
65E0
0001
8400
0068
1003
A000
CA00
0005
8400
001D
100F
A000
0412
C200
05E2
140E
C200
0001
7400
C200
0002
7400
C200
0003
7400
C200
0004
7400
C200
65E0
C400
0805
2600
0002
8400
CC00
65E0
0001
8400
005A
1002
A000
044E
C200
0600
140E
C200
0001
7400
C200
0002
7400
C200
0003
7400
C200
0004
7400
C200
65E0
C400
0806
2600
0002
8400
CC00
65E0
0001
8400
0263
1002
A000
046F
C200
061E
140E
C200
0001
7400
C200
0002
7400
C200
0003
7400
C200
0004
7400
C200
65E0
C400
0806
2600
0002
8400
CC00
65E0
0001
8400
0263
1002
A000
0420
C200
063C
140E
C200
0001
7400
C200
0002
7400
C200
0003
7400
C200
0004
7400
C200
65E0
C400
0806
2600
0002
8400
CC00
65E0
0001
8400
0263
1002
A000
0446
C200
065A
140E
C200
0001
7400
C200
0002
7400
C200
0003
7400
C200
0004
7400
C200
65E0
C400
0806
2600
0002
8400
CC00
65E0
0001
8400
0263
1002
A000
0453
C200
0678
140E
C200
0001
7400
C200
0002
7400
C200
0003
7400
C200
0004
7400
C200
65E0
C400
0806
2600
0002
8400
CC00
65E0
0001
8400
0263
1002
A000
042E
C200
0696
140E
C200
0001
7400
C200
0002
7400
C200
0003
7400
C200
0004
7400
C200
65E0
C400
0806
2600
0002
8400
CC00
65E0
0001
8400
0263
1002
A000
0420
C200
06B4
140E
C200
0001
7400
C200
0002
7400
C200
0003
7400
C200
0004
7400
C200
65E0
C400
0806
2600
0002
8400
CC00
65E0
0001
8400
0263
1002
A000
0454
C200
06D2
140E
C200
0001
7400
C200
0002
7400
C200
0003
7400
C200
0004
7400
C200
65E0
C400
0806
2600
0002
8400
CC00
65E0
0001
8400
0263
1002
A000
0479
C200
06F0
140E
C200
0001
7400
C200
0002
7400
C200
0003
7400
C200
0004
7400
C200
65E0
C400
0806
2600
0002
8400
CC00
65E0
0001
8400
0263
1002
A000
0470
C200
070E
140E
C200
0001
7400
C200
0002
7400
C200
0003
7400
C200
0004
7400
C200
65E0
C400
0806
2600
0002
8400
CC00
65E0
0001
8400
0263
1002
A000
0465
C200
072C
140E
C200
0001
7400
C200
0002
7400
C200
0003
7400
C200
0004
7400
C200
65E0
C400
0806
2600
0002
8400
CC00
65E0
0001
8400
0263
1002
A000
0420
C200
074A
140E
C200
0001
7400
C200
0002
7400
C200
0003
7400
C200
0004
7400
C200
65E0
C400
0806
2600
0002
8400
CC00
65E0
0001
8400
0263
1002
A000
0446
C200
0768
140E
C200
0001
7400
C200
0002
7400
C200
0003
7400
C200
0004
7400
C200
65E0
C400
0806
2600
0002
8400
CC00
65E0
0001
8400
0263
1002
A000
044F
C200
0786
140E
C200
0001
7400
C200
0002
7400
C200
0003
7400
C200
0004
7400
C200
65E0
C400
0806
2600
0002
8400
CC00
65E0
0001
8400
0263
1002
A000
0452
C200
07A4
140E
C200
0001
7400
C200
0002
7400
C200
0003
7400
C200
0004
7400
C200
65E0
C400
0806
2600
0002
8400
CC00
65E0
0001
8400
0263
1002
A000
044D
C200
07C2
140E
C200
0001
7400
C200
0002
7400
C200
0003
7400
C200
0004
7400
C200
65E0
C400
0806
2600
0002
8400
CC00
65E0
0001
8400
0263
1002
A000
0441
C200
07E0
140E
C200
0001
7400
C200
0002
7400
C200
0003
7400
C200
0004
7400
C200
65E0
C400
0806
2600
0002
8400
CC00
65E0
0001
8400
0263
1002
A000
0454
C200
07FE
140E
C200
0001
7400
C200
0002
7400
C200
0003
7400
C200
0004
7400
C200
65E0
C400
0806
2600
0002
8400
CC00
65E0
0001
8400
0263
1002
A000
041A
140F
C200
0001
7400
C200
0002
7400
C200
0003
7400
C200
0004
7400
C200
65E0
C400
0805
2600
0002
8400
CC00
65E0
0001
8400
0068
1003
A000
CA00
0005
8400
0439
140F
C200
0001
7400
C200
0002
7400
C200
0003
7400
C200
0004
7400
C200
65E0
C400
0804
2600
0002
8400
CC00
65E0
0001
8400
0311
1003
A000
CA00
0005
8400
040F
C200
045A
140F
C200
0001
7400
C200
0002
7400
C200
0003
7400
C200
0004
7400
C200
65E0
C400
0805
2600
0002
8400
CC00
65E0
0001
8400
005A
1002
A000
0454
C200
0478
140F
C200
0001
7400
C200
0002
7400
C200
0003
7400
C200
0004
7400
C200
65E0
C400
0806
2600
0002
8400
CC00
65E0
0001
8400
0263
1002
A000
0479
C200
0496
140F
C200
0001
7400
C200
0002
7400
C200
0003
7400
C200
0004
7400
C200
65E0
C400
0806
2600
0002
8400
CC00
65E0
0001
8400
0263
1002
A000
0470
C200
04B4
140F
C200
0001
7400
C200
0002
7400
C200
0003
7400
C200
0004
7400
C200
65E0
C400
0806
2600
0002
8400
CC00
65E0
0001
8400
0263
1002
A000
0465
C200
04D2
140F
C200
0001
7400
C200
0002
7400
C200
0003
7400
C200
0004
7400
C200
65E0
C400
0806
2600
0002
8400
CC00
65E0
0001
8400
0263
1002
A000
0420
C200
04F0
140F
C200
0001
7400
C200
0002
7400
C200
0003
7400
C200
0004
7400
C200
65E0
C400
0806
2600
0002
8400
CC00
65E0
0001
8400
0263
1002
A000
043F
C200
050E
140F
C200
0001
7400
C200
0002
7400
C200
0003
7400
C200
0004
7400
C200
65E0
C400
0806
2600
0002
8400
CC00
65E0
0001
8400
0263
1002
A000
0420
C200
052C
140F
C200
0001
7400
C200
0002
7400
C200
0003
7400
C200
0004
7400
C200
65E0
C400
0806
2600
0002
8400
CC00
65E0
0001
8400
0263
1002
A000
0466
C200
054A
140F
C200
0001
7400
C200
0002
7400
C200
0003
7400
C200
0004
7400
C200
65E0
C400
0806
2600
0002
8400
CC00
65E0
0001
8400
0263
1002
A000
046F
C200
0568
140F
C200
0001
7400
C200
0002
7400
C200
0003
7400
C200
0004
7400
C200
65E0
C400
0806
2600
0002
8400
CC00
65E0
0001
8400
0263
1002
A000
0472
C200
0586
140F
C200
0001
7400
C200
0002
7400
C200
0003
7400
C200
0004
7400
C200
65E0
C400
0806
2600
0002
8400
CC00
65E0
0001
8400
0263
1002
A000
0420
C200
05A4
140F
C200
0001
7400
C200
0002
7400
C200
0003
7400
C200
0004
7400
C200
65E0
C400
0806
2600
0002
8400
CC00
65E0
0001
8400
0263
1002
A000
0468
C200
05C2
140F
C200
0001
7400
C200
0002
7400
C200
0003
7400
C200
0004
7400
C200
65E0
C400
0806
2600
0002
8400
CC00
65E0
0001
8400
0263
1002
A000
0465
C200
05E0
140F
C200
0001
7400
C200
0002
7400
C200
0003
7400
C200
0004
7400
C200
65E0
C400
0806
2600
0002
8400
CC00
65E0
0001
8400
0263
1002
A000
046C
C200
05FE
140F
C200
0001
7400
C200
0002
7400
C200
0003
7400
C200
0004
7400
C200
65E0
C400
0806
2600
0002
8400
CC00
65E0
0001
8400
0263
1002
A000
0470
C200
061C
140F
C200
0001
7400
C200
0002
7400
C200
0003
7400
C200
0004
7400
C200
65E0
C400
0806
2600
0002
8400
CC00
65E0
0001
8400
0263
1002
A000
0638
140F
C200
0001
7400
C200
0002
7400
C200
0003
7400
C200
0004
7400
C200
65E0
C400
0805
2600
0002
8400
CC00
65E0
0001
8400
0068
1003
A000
CA00
0005
8400
0657
140F
C200
0001
7400
C200
0002
7400
C200
0003
7400
C200
0004
7400
C200
65E0
C400
0804
2600
0002
8400
CC00
65E0
0001
8400
0311
1003
A000
CA00
0005
8400
0676
140F
C200
0001
7400
C200
0002
7400
C200
0003
7400
C200
0004
7400
C200
65E0
C400
0804
2600
0002
8400
CC00
65E0
0001
8400
0311
1003
A000
CA00
0005
8400
0400
C200
0001
7400
000E
8400
61A0
7404
000D
8400
CA00
0002
7000
8400
0002
7400
6DA0
000E
7000
7400
0004
8400
000E
7000
7401
0003
8400
000E
7000
7402
0002
8400
000E
7000
7403
0001
8400
000D
7000
A000
0002
7000
7400
C200
CA00
0003
8400
0003
7400
C200
06C7
140F
C200
0001
7400
C200
0002
7400
C200
0003
7400
C200
0004
7400
C200
65E0
C400
0805
2600
0002
8400
CC00
65E0
0001
8400
035E
100F
A000
CA00
0005
8400
0003
7400
C200
06E9
140F
C200
0001
7400
C200
0002
7400
C200
0003
7400
C200
0004
7400
C200
65E0
C400
0805
2600
0002
8400
CC00
65E0
0001
8400
0036
1010
A000
CA00
0005
8400
0003
7000
7401
C200
0400
C200
CA00
C800
C400
6980
6A20
9805
3100
CC00
9206
0400
9E05
0400
2100
CC00
9801
07FF
C200
CA00
C000
61A0
C800
9403
030E
100F
A000
0333
100F
A000
0003
7400
C200
072D
140F
C200
0001
7400
C200
0002
7400
C200
0003
7400
C200
0004
7400
C200
65E0
C400
0805
2600
0002
8400
CC00
65E0
0001
8400
019C
1014
A000
CA00
0005
8400
0333
100F
A000
02A8
100F
A000
0400
C200
0001
7400
000E
8400
61A0
7404
000D
8400
CA00
0002
7000
8400
0002
7400
6DA0
000E
7000
7400
0004
8400
000E
7000
7401
0003
8400
000E
7000
7402
0002
8400
000E
7000
7403
0001
8400
000D
7000
A000
0002
7000
7400
C200
CA00
0003
8400
0643
1402
C200
0784
140F
C200
0001
7400
C200
0002
7400
C200
0003
7400
C200
0004
7400
C200
65E0
C400
0805
2600
0002
8400
CC00
65E0
0001
8400
03C7
1002
A000
CA00
0005
8400
063A
1402
C200
07A6
140F
C200
0001
7400
C200
0002
7400
C200
0003
7400
C200
0004
7400
C200
65E0
C400
0805
2600
0002
8400
CC00
65E0
0001
8400
03C7
1002
A000
CA00
0005
8400
065C
1402
C200
07C8
140F
C200
0001
7400
C200
0002
7400
C200
0003
7400
C200
0004
7400
C200
65E0
C400
0805
2600
0002
8400
CC00
65E0
0001
8400
03C7
1002
A000
CA00
0005
8400
063E
1402
C200
07EA
140F
C200
0001
7400
C200
0002
7400
C200
0003
7400
C200
0004
7400
C200
65E0
C400
0805
2600
0002
8400
CC00
65E0
0001
8400
03C7
1002
A000
CA00
0005
8400
0420
C200
040B
1410
C200
0001
7400
C200
0002
7400
C200
0003
7400
C200
0004
7400
C200
65E0
C400
0805
2600
0002
8400
CC00
65E0
0001
8400
03C7
1002
A000
CA00
0005
8400
0400
C200
0001
7400
000E
8400
61A0
7404
000D
8400
CA00
0002
7000
8400
0002
7400
6DA0
000E
7000
7400
0004
8400
000E
7000
7401
0003
8400
000E
7000
7402
0002
8400
000E
7000
7403
0001
8400
000D
7000
A000
0400
C200
0002
7000
7400
C200
CA00
0003
8400
0400
C200
CC00
0003
7000
8801
0461
1410
C200
0001
7400
C200
0002
7400
C200
0003
7400
C200
0004
7400
C200
65E0
C400
0804
2600
0002
8400
CC00
65E0
0001
8400
018F
1004
A000
CC00
0001
7000
88FF
0001
7000
74FF
C200
040A
C200
CA00
C800
3100
9402
0400
9E01
07FF
C200
0001
7000
74FF
C200
040D
C200
CA00
C800
3100
9402
0400
9E01
07FF
C200
CA00
C800
5400
C200
CA00
C000
61A0
C800
9403
0090
1010
A000
00B5
1010
A000
04AC
1410
C200
0001
7400
C200
0002
7400
C200
0003
7400
C200
0004
7400
C200
65E0
C400
0804
2600
0002
8400
CC00
65E0
0001
8400
0311
1003
A000
CA00
0005
8400
01E5
1010
A000
01E2
1010
A000
0001
7000
74FF
C200
0408
C200
CA00
C800
3100
9402
0400
9E01
07FF
C200
CA00
C000
61A0
C800
9403
00CE
1010
A000
0127
1010
A000
0003
7000
7401
C200
0400
C200
CA00
C800
C400
6980
6A20
9805
3100
CC00
9206
0400
9E05
0400
2100
CC00
9801
07FF
C200
CA00
C000
61A0
C800
9403
00F0
1010
A000
0124
1010
A000
0003
7000
7401
C200
0401
C200
CA00
C800
C400
69A0
6580
3600
CC00
C200
CC00
0003
7000
8801
051E
1410
C200
0001
7400
C200
0002
7400
C200
0003
7400
C200
0004
7400
C200
65E0
C400
0804
2600
0002
8400
CC00
65E0
0001
8400
0101
1004
A000
CA00
0005
8400
0124
1010
A000
01E2
1010
A000
0001
7000
74FF
C200
041F
C200
CA00
C800
C400
6980
6A20
9805
3100
CC00
9206
0400
9E05
0400
2100
CC00
9801
07FF
C200
0001
7000
74FF
C200
047F
C200
CA00
C800
C400
6980
6A20
9805
3100
CC00
9807
0400
9E06
0400
2100
CC00
9801
9E01
07FF
C200
CA00
C800
4400
C200
0003
7000
7401
C200
0450
C200
CA00
C800
C400
6980
6A20
9805
3100
CC00
9807
0400
9E06
0400
2100
CC00
9801
9E01
07FF
C200
CA00
C800
4400
C200
CA00
C000
61A0
C800
9403
0181
1010
A000
01E2
1010
A000
0003
7000
7400
C200
0003
7000
7401
C200
0001
7000
74FF
C200
CA00
0005
8400
CA00
CC00
0006
8800
69A0
9805
0006
7000
74FF
3600
9203
0125
1025
A000
0006
7000
2200
6580
0006
8400
0005
7400
0006
7000
8400
0400
C200
CA00
0005
8400
0003
7000
7401
C200
0401
C200
CA00
C800
2400
C200
CC00
0003
7000
8801
0001
7000
74FF
C200
05DC
1410
C200
0001
7400
C200
0002
7400
C200
0003
7400
C200
0004
7400
C200
65E0
C400
0805
2600
0002
8400
CC00
65E0
0001
8400
03C7
1002
A000
CA00
0005
8400
01E2
1010
A000
0045
1010
A000
0003
7000
7400
C200
0003
7000
7401
C200
0400
C200
CA00
0005
8400
CA00
CC00
0006
8800
69A0
9805
0006
7000
74FF
3600
9203
0125
1025
A000
0006
7000
2200
6580
0006
8400
0005
7400
0006
7000
8400
0400
C200
CA00
0005
8400
0400
C200
0001
7400
000E
8400
61A0
7404
000D
8400
CA00
0002
7000
8400
0002
7400
6DA0
000E
7000
7400
0004
8400
000E
7000
7401
0003
8400
000E
7000
7402
0002
8400
000E
7000
7403
0001
8400
000D
7000
A000
0002
7000
7400
C200
CA00
0003
8400
0002
7000
74FF
C200
0460
C200
CA00
C800
C400
6980
6A20
9805
3100
CC00
9206
0400
9E05
0400
2100
CC00
9801
07FF
C200
0002
7000
74FF
C200
047B
C200
CA00
C800
C400
6980
6A20
9805
3100
CC00
9807
0400
9E06
0400
2100
CC00
9801
9E01
07FF
C200
CA00
C800
4400
C200
CA00
C000
61A0
C800
9403
027D
1010
A000
02B4
1010
A000
0002
7000
74FF
C200
0420
C200
CA00
C800
C400
69A0
6580
3600
CC00
C200
0001
7400
000E
8400
61A0
7404
000D
8400
CA00
0002
7000
8400
0002
7400
6DA0
000E
7000
7400
0004
8400
000E
7000
7401
0003
8400
000E
7000
7402
0002
8400
000E
7000
7403
0001
8400
000D
7000
A000
02B4
1010
A000
0002
7000
74FF
C200
0001
7400
000E
8400
61A0
7404
000D
8400
CA00
0002
7000
8400
0002
7400
6DA0
000E
7000
7400
0004
8400
000E
7000
7401
0003
8400
000E
7000
7402
0002
8400
000E
7000
7403
0001
8400
000D
7000
A000
0400
C200
0002
7000
7400
C200
CA00
0003
8400
0400
C200
CC00
0001
7000
88FF
0001
7000
74FF
C200
0003
7000
7401
C200
CA00
C800
C400
6980
6A20
9805
3100
CC00
9807
0400
9E06
0400
2100
CC00
9801
9E01
07FF
C200
0003
7000
7400
C200
0001
7000
74FF
C200
CA00
C800
69A0
9803
74FF
3600
9203
0125
1025
A000
2200
7400
C200
0420
C200
CA00
C800
3100
9402
0400
9E01
07FF
C200
CA00
6400
C200
CA00
C800
4400
C200
CA00
6400
C200
CA00
C000
61A0
C800
9403
0349
1010
A000
0001
7000
74FF
C200
0401
C200
CA00
C800
2400
C200
CC00
0001
7000
88FF
02ED
1010
A000
0001
7000
74FF
C200
0003
7000
7401
C200
CA00
C800
C400
6980
6A20
9805
3100
CC00
9807
0400
9E06
0400
2100
CC00
9801
9E01
07FF
C200
0003
7000
7400
C200
0001
7000
74FF
C200
CA00
C800
69A0
9803
74FF
3600
9203
0125
1025
A000
2200
7400
C200
0420
C200
CA00
C800
3100
9402
0400
9E01
07FF
C200
CA00
C800
4400
C200
CA00
6400
C200
CA00
C000
61A0
C800
9403
03A2
1010
A000
0001
7000
74FF
C200
0401
C200
CA00
C800
2400
C200
CC00
0001
7000
88FF
0349
1010
A000
0001
7000
74FF
C200
0001
7400
000E
8400
61A0
7404
000D
8400
CA00
0002
7000
8400
0002
7400
6DA0
000E
7000
7400
0004
8400
000E
7000
7401
0003
8400
000E
7000
7402
0002
8400
000E
7000
7403
0001
8400
000D
7000
A000
0400
C200
C200
C200
C200
C200
C200
0002
7000
7400
C200
CA00
0003
8400
0400
C200
CC00
0001
7000
88FF
0001
7000
74FF
C200
0408
C200
CA00
C800
C400
6980
6A20
9805
3100
CC00
9807
0400
9E06
0400
2100
CC00
9801
9E01
07FF
C200
CA00
6400
C200
CA00
C000
61A0
C800
9403
003F
1011
A000
0003
7000
7402
C200
0001
7000
74FF
C200
0420
C200
CA00
0005
8400
CA00
CC00
0006
8800
69A0
9805
0006
7000
74FF
3600
9203
0125
1025
A000
0006
7000
2200
6580
0006
8400
0005
7400
0006
7000
8400
0400
C200
CA00
0005
8400
0001
7000
74FF
C200
0401
C200
CA00
C800
2400
C200
CC00
0001
7000
88FF
03E0
1010
A000
0400
C200
CC00
0001
7000
88FF
0001
7000
74FF
C200
0403
C200
CA00
C800
C400
6980
6A20
9805
3100
CC00
9807
0400
9E06
0400
2100
CC00
9801
9E01
07FF
C200
CA00
6400
C200
CA00
C000
61A0
C800
9403
00A4
1011
A000
0003
7000
7403
C200
0001
7000
74FF
C200
0420
C200
CA00
0005
8400
CA00
CC00
0006
8800
69A0
9805
0006
7000
74FF
3600
9203
0125
1025
A000
0006
7000
2200
6580
0006
8400
0005
7400
0006
7000
8400
0400
C200
CA00
0005
8400
0001
7000
74FF
C200
0401
C200
CA00
C800
2400
C200
CC00
0001
7000
88FF
0045
1011
A000
0002
7000
74FF
C200
CC00
0001
7000
88FE
0400
C200
CC00
0001
7000
88FD
0001
7000
74FE
C200
0003
7000
7401
C200
CA00
C800
C400
6980
6A20
9805
3100
CC00
9807
0400
9E06
0400
2100
CC00
9801
9E01
07FF
C200
0003
7000
7400
C200
0001
7000
74FE
C200
CA00
C800
69A0
9803
74FF
3600
9203
0125
1025
A000
2200
7400
C200
0420
C200
CA00
C800
3100
9402
0400
9E01
07FF
C200
CA00
C800
4400
C200
CA00
6400
C200
CA00
C000
61A0
C800
9403
010B
1011
A000
0001
7000
74FE
C200
0401
C200
CA00
C800
2400
C200
CC00
0001
7000
88FE
00B2
1011
A000
0001
7000
74FE
C200
0003
7000
7401
C200
CA00
C800
C400
6980
6A20
9805
3100
CC00
9807
0400
9E06
0400
2100
CC00
9801
9E01
07FF
C200
CA00
6400
C200
CA00
C000
61A0
C800
9403
0133
1011
A000
015E
1011
A000
0400
C200
0001
7400
000E
8400
61A0
7404
000D
8400
CA00
0002
7000
8400
0002
7400
6DA0
000E
7000
7400
0004
8400
000E
7000
7401
0003
8400
000E
7000
7402
0002
8400
000E
7000
7403
0001
8400
000D
7000
A000
015E
1011
A000
0001
7000
74FE
C200
0003
7000
7401
C200
CA00
C800
C400
6980
6A20
9805
3100
CC00
9807
0400
9E06
0400
2100
CC00
9801
9E01
07FF
C200
0003
7000
7400
C200
0001
7000
74FE
C200
CA00
C800
69A0
9803
74FF
3600
9203
0125
1025
A000
2200
7400
C200
042E
C200
CA00
C800
3100
9402
0400
9E01
07FF
C200
CA00
6400
C200
CA00
C800
4400
C200
0003
7000
7400
C200
0001
7000
74FE
C200
CA00
C800
69A0
9803
74FF
3600
9203
0125
1025
A000
2200
7400
C200
0420
C200
CA00
C800
3100
9402
0400
9E01
07FF
C200
CA00
6400
C200
CA00
C800
4400
C200
CA00
6400
C200
CA00
C000
61A0
C800
9403
0279
1011
A000
0003
7400
C200
0003
7000
7400
C200
0001
7000
74FE
C200
CA00
C800
69A0
9803
74FF
3600
9203
0125
1025
A000
2200
7400
C200
0603
1411
C200
0001
7400
C200
0002
7400
C200
0003
7400
C200
0004
7400
C200
65E0
C400
0806
2600
0002
8400
CC00
65E0
0001
8400
0238
1010
A000
CC00
0001
7000
88FC
0001
7000
74FD
C200
0408
C200
CA00
C800
C400
6980
6A20
9805
3100
CC00
9807
0400
9E06
0400
2100
CC00
9801
9E01
07FF
C200
CA00
C000
61A0
C800
9403
022A
1011
A000
0268
1011
A000
0003
7000
7402
C200
0001
7000
74FD
C200
0001
7000
74FC
C200
CA00
0005
8400
CA00
CC00
0006
8800
69A0
9805
0006
7000
74FF
3600
9203
0125
1025
A000
0006
7000
2200
6580
0006
8400
0005
7400
0006
7000
8400
0400
C200
CA00
0005
8400
0001
7000
74FD
C200
0401
C200
CA00
C800
2400
C200
CC00
0001
7000
88FD
0268
1011
A000
0001
7000
74FE
C200
0401
C200
CA00
C800
2400
C200
CC00
0001
7000
88FE
015E
1011
A000
0001
7000
74FD
C200
0400
C200
CA00
C800
3100
9402
0400
9E01
07FF
C200
CA00
C000
61A0
C800
9403
0292
1011
A000
02BD
1011
A000
0400
C200
0001
7400
000E
8400
61A0
7404
000D
8400
CA00
0002
7000
8400
0002
7400
6DA0
000E
7000
7400
0004
8400
000E
7000
7401
0003
8400
000E
7000
7402
0002
8400
000E
7000
7403
0001
8400
000D
7000
A000
02BD
1011
A000
0001
7000
74FE
C200
0003
7000
7401
C200
CA00
C800
C400
6980
6A20
9805
3100
CC00
9807
0400
9E06
0400
2100
CC00
9801
9E01
07FF
C200
0003
7000
7400
C200
0001
7000
74FE
C200
CA00
C800
69A0
9803
74FF
3600
9203
0125
1025
A000
2200
7400
C200
042E
C200
CA00
C800
3100
9402
0400
9E01
07FF
C200
CA00
C800
4400
C200
CA00
C000
61A0
C800
9403
0305
1011
A000
0011
1012
A000
0001
7000
74FE
C200
0401
C200
CA00
C800
2400
C200
CC00
0001
7000
88FE
0400
C200
CC00
0001
7000
88FB
0001
7000
74FE
C200
0003
7000
7401
C200
CA00
C800
C400
6980
6A20
9805
3100
CC00
9807
0400
9E06
0400
2100
CC00
9801
9E01
07FF
C200
0003
7000
7400
C200
0001
7000
74FE
C200
CA00
C800
69A0
9803
74FF
3600
9203
0125
1025
A000
2200
7400
C200
0420
C200
CA00
C800
3100
9402
0400
9E01
07FF
C200
CA00
6400
C200
CA00
C800
4400
C200
CA00
6400
C200
CA00
C000
61A0
C800
9403
000E
1012
A000
0003
7400
C200
0003
7000
7400
C200
0001
7000
74FE
C200
CA00
C800
69A0
9803
74FF
3600
9203
0125
1025
A000
2200
7400
C200
0798
1411
C200
0001
7400
C200
0002
7400
C200
0003
7400
C200
0004
7400
C200
65E0
C400
0806
2600
0002
8400
CC00
65E0
0001
8400
0238
1010
A000
CC00
0001
7000
88FA
0001
7000
74FB
C200
0403
C200
CA00
C800
C400
6980
6A20
9805
3100
CC00
9807
0400
9E06
0400
2100
CC00
9801
9E01
07FF
C200
CA00
C000
61A0
C800
9403
03BF
1011
A000
03FD
1011
A000
0003
7000
7403
C200
0001
7000
74FB
C200
0001
7000
74FA
C200
CA00
0005
8400
CA00
CC00
0006
8800
69A0
9805
0006
7000
74FF
3600
9203
0125
1025
A000
0006
7000
2200
6580
0006
8400
0005
7400
0006
7000
8400
0400
C200
CA00
0005
8400
0001
7000
74FB
C200
0401
C200
CA00
C800
2400
C200
CC00
0001
7000
88FB
03FD
1011
A000
0001
7000
74FE
C200
0401
C200
CA00
C800
2400
C200
CC00
0001
7000
88FE
0319
1011
A000
0011
1012
A000
07FF
C200
0001
7400
000E
8400
61A0
7404
000D
8400
CA00
0002
7000
8400
0002
7400
6DA0
000E
7000
7400
0004
8400
000E
7000
7401
0003
8400
000E
7000
7402
0002
8400
000E
7000
7403
0001
8400
000D
7000
A000
0002
7000
7400
C200
CA00
0003
8400
0003
7000
7402
C200
0400
C200
CA00
C800
69A0
9803
74FF
3600
9203
0125
1025
A000
2200
7400
C200
0003
7000
7402
C200
0401
C200
CA00
C800
69A0
9803
74FF
3600
9203
0125
1025
A000
2200
7400
C200
0003
7000
7402
C200
0402
C200
CA00
C800
69A0
9803
74FF
3600
9203
0125
1025
A000
2200
7400
C200
0003
7000
7402
C200
0403
C200
CA00
C800
69A0
9803
74FF
3600
9203
0125
1025
A000
2200
7400
C200
0003
7000
7402
C200
0404
C200
CA00
C800
69A0
9803
74FF
3600
9203
0125
1025
A000
2200
7400
C200
0003
7000
7402
C200
0405
C200
CA00
C800
69A0
9803
74FF
3600
9203
0125
1025
A000
2200
7400
C200
0003
7000
7402
C200
0406
C200
CA00
C800
69A0
9803
74FF
3600
9203
0125
1025
A000
2200
7400
C200
0003
7000
7402
C200
0407
C200
CA00
C800
69A0
9803
74FF
3600
9203
0125
1025
A000
2200
7400
C200
0003
7000
7403
C200
0400
C200
CA00
C800
69A0
9803
74FF
3600
9203
0125
1025
A000
2200
7400
C200
0003
7000
7403
C200
0401
C200
CA00
C800
69A0
9803
74FF
3600
9203
0125
1025
A000
2200
7400
C200
0003
7000
7403
C200
0402
C200
CA00
C800
69A0
9803
74FF
3600
9203
0125
1025
A000
2200
7400
C200
052D
1412
C200
0001
7400
C200
0002
7400
C200
0003
7400
C200
0004
7400
C200
65E0
C400
080F
2600
0002
8400
CC00
65E0
0001
8400
0261
1008
A000
0001
7400
000E
8400
61A0
7404
000D
8400
CA00
0002
7000
8400
0002
7400
6DA0
000E
7000
7400
0004
8400
000E
7000
7401
0003
8400
000E
7000
7402
0002
8400
000E
7000
7403
0001
8400
000D
7000
A000
0002
7000
7400
C200
CA00
0003
8400
0003
7000
7402
C200
0400
C200
CA00
C800
69A0
9803
74FF
3600
9203
0125
1025
A000
2200
7400
C200
0003
7000
7402
C200
0401
C200
CA00
C800
69A0
9803
74FF
3600
9203
0125
1025
A000
2200
7400
C200
0003
7000
7402
C200
0402
C200
CA00
C800
69A0
9803
74FF
3600
9203
0125
1025
A000
2200
7400
C200
0003
7000
7402
C200
0403
C200
CA00
C800
69A0
9803
74FF
3600
9203
0125
1025
A000
2200
7400
C200
0003
7000
7402
C200
0404
C200
CA00
C800
69A0
9803
74FF
3600
9203
0125
1025
A000
2200
7400
C200
0003
7000
7402
C200
0405
C200
CA00
C800
69A0
9803
74FF
3600
9203
0125
1025
A000
2200
7400
C200
0003
7000
7402
C200
0406
C200
CA00
C800
69A0
9803
74FF
3600
9203
0125
1025
A000
2200
7400
C200
0003
7000
7402
C200
0407
C200
CA00
C800
69A0
9803
74FF
3600
9203
0125
1025
A000
2200
7400
C200
0003
7000
7403
C200
0400
C200
CA00
C800
69A0
9803
74FF
3600
9203
0125
1025
A000
2200
7400
C200
0003
7000
7403
C200
0401
C200
CA00
C800
69A0
9803
74FF
3600
9203
0125
1025
A000
2200
7400
C200
0003
7000
7403
C200
0402
C200
CA00
C800
69A0
9803
74FF
3600
9203
0125
1025
A000
2200
7400
C200
0647
1412
C200
0001
7400
C200
0002
7400
C200
0003
7400
C200
0004
7400
C200
65E0
C400
080F
2600
0002
8400
CC00
65E0
0001
8400
0162
1009
A000
0001
7400
000E
8400
61A0
7404
000D
8400
CA00
0002
7000
8400
0002
7400
6DA0
000E
7000
7400
0004
8400
000E
7000
7401
0003
8400
000E
7000
7402
0002
8400
000E
7000
7403
0001
8400
000D
7000
A000
0400
C200
C200
C200
0002
7000
7400
C200
CA00
0003
8400
0400
C200
CC00
0001
7000
88FF
0001
7000
74FF
C200
0408
C200
CA00
C800
C400
6980
6A20
9805
3100
CC00
9807
0400
9E06
0400
2100
CC00
9801
9E01
07FF
C200
CA00
6400
C200
CA00
C000
61A0
C800
9403
031C
1012
A000
0002
7000
74FF
C200
0001
7000
74FF
C200
06C5
1412
C200
0001
7400
C200
0002
7400
C200
0003
7400
C200
0004
7400
C200
65E0
C400
0806
2600
0002
8400
CC00
65E0
0001
8400
0039
1006
A000
CC00
0001
7000
88FE
0001
7000
74FE
C200
0420
C200
CA00
C800
3100
9402
0400
9E01
07FF
C200
CA00
6400
C200
CA00
C000
61A0
C800
9403
02E5
1012
A000
030B
1012
A000
0001
7000
74FE
C200
0705
1412
C200
0001
7400
C200
0002
7400
C200
0003
7400
C200
0004
7400
C200
65E0
C400
0805
2600
0002
8400
CC00
65E0
0001
8400
03C7
1002
A000
CA00
0005
8400
030B
1012
A000
0001
7000
74FF
C200
0401
C200
CA00
C800
2400
C200
CC00
0001
7000
88FF
027E
1012
A000
042E
C200
073A
1412
C200
0001
7400
C200
0002
7400
C200
0003
7400
C200
0004
7400
C200
65E0
C400
0805
2600
0002
8400
CC00
65E0
0001
8400
03C7
1002
A000
CA00
0005
8400
0408
C200
CC00
0001
7000
88FF
0001
7000
74FF
C200
040B
C200
CA00
C800
C400
6980
6A20
9805
3100
CC00
9807
0400
9E06
0400
2100
CC00
9801
9E01
07FF
C200
CA00
6400
C200
CA00
C000
61A0
C800
9403
03E1
1012
A000
0002
7000
74FF
C200
0001
7000
74FF
C200
078A
1412
C200
0001
7400
C200
0002
7400
C200
0003
7400
C200
0004
7400
C200
65E0
C400
0806
2600
0002
8400
CC00
65E0
0001
8400
0039
1006
A000
CC00
0001
7000
88FD
0001
7000
74FD
C200
0420
C200
CA00
C800
3100
9402
0400
9E01
07FF
C200
CA00
6400
C200
CA00
C000
61A0
C800
9403
03AA
1012
A000
03D0
1012
A000
0001
7000
74FD
C200
07CA
1412
C200
0001
7400
C200
0002
7400
C200
0003
7400
C200
0004
7400
C200
65E0
C400
0805
2600
0002
8400
CC00
65E0
0001
8400
03C7
1002
A000
CA00
0005
8400
03D0
1012
A000
0001
7000
74FF
C200
0401
C200
CA00
C800
2400
C200
CC00
0001
7000
88FF
0343
1012
A000
0400
C200
0001
7400
000E
8400
61A0
7404
000D
8400
CA00
0002
7000
8400
0002
7400
6DA0
000E
7000
7400
0004
8400
000E
7000
7401
0003
8400
000E
7000
7402
0002
8400
000E
7000
7403
0001
8400
000D
7000
A000
0002
7000
7400
C200
CA00
0003
8400
042C
1413
C200
0001
7400
C200
0002
7400
C200
0003
7400
C200
0004
7400
C200
65E0
C400
0804
2600
0002
8400
CC00
65E0
0001
8400
031B
1005
A000
0400
C200
CA00
C800
3100
9402
0400
9E01
07FF
C200
CA00
C000
61A0
C800
9403
0041
1013
A000
015E
1013
A000
0405
C200
045F
1413
C200
0001
7400
C200
0002
7400
C200
0003
7400
C200
0004
7400
C200
65E0
C400
0805
2600
0002
8400
CC00
65E0
0001
8400
005A
1002
A000
044E
C200
047D
1413
C200
0001
7400
C200
0002
7400
C200
0003
7400
C200
0004
7400
C200
65E0
C400
0806
2600
0002
8400
CC00
65E0
0001
8400
0263
1002
A000
046F
C200
049B
1413
C200
0001
7400
C200
0002
7400
C200
0003
7400
C200
0004
7400
C200
65E0
C400
0806
2600
0002
8400
CC00
65E0
0001
8400
0263
1002
A000
0420
C200
04B9
1413
C200
0001
7400
C200
0002
7400
C200
0003
7400
C200
0004
7400
C200
65E0
C400
0806
2600
0002
8400
CC00
65E0
0001
8400
0263
1002
A000
0446
C200
04D7
1413
C200
0001
7400
C200
0002
7400
C200
0003
7400
C200
0004
7400
C200
65E0
C400
0806
2600
0002
8400
CC00
65E0
0001
8400
0263
1002
A000
0453
C200
04F5
1413
C200
0001
7400
C200
0002
7400
C200
0003
7400
C200
0004
7400
C200
65E0
C400
0806
2600
0002
8400
CC00
65E0
0001
8400
0263
1002
A000
0511
1413
C200
0001
7400
C200
0002
7400
C200
0003
7400
C200
0004
7400
C200
65E0
C400
0805
2600
0002
8400
CC00
65E0
0001
8400
0068
1003
A000
CA00
0005
8400
0530
1413
C200
0001
7400
C200
0002
7400
C200
0003
7400
C200
0004
7400
C200
65E0
C400
0804
2600
0002
8400
CC00
65E0
0001
8400
0311
1003
A000
CA00
0005
8400
0400
C200
0001
7400
000E
8400
61A0
7404
000D
8400
CA00
0002
7000
8400
0002
7400
6DA0
000E
7000
7400
0004
8400
000E
7000
7401
0003
8400
000E
7000
7402
0002
8400
000E
7000
7403
0001
8400
000D
7000
A000
015E
1013
A000
07FF
C200
0001
7400
000E
8400
61A0
7404
000D
8400
CA00
0002
7000
8400
0002
7400
6DA0
000E
7000
7400
0004
8400
000E
7000
7401
0003
8400
000E
7000
7402
0002
8400
000E
7000
7403
0001
8400
000D
7000
A000
0400
C200
C200
C200
0002
7000
7400
C200
CA00
0003
8400
0002
7000
74FF
C200
CC00
0001
7000
88FF
0400
C200
CC00
0001
7000
88FE
0001
7000
74FF
C200
0003
7000
7401
C200
CA00
C800
C400
6980
6A20
9805
3100
CC00
9807
0400
9E06
0400
2100
CC00
9801
9E01
07FF
C200
0003
7000
7400
C200
0001
7000
74FF
C200
CA00
C800
69A0
9803
74FF
3600
9203
0125
1025
A000
2200
7400
C200
0420
C200
CA00
C800
3100
9402
0400
9E01
07FF
C200
CA00
C800
4400
C200
CA00
6400
C200
CA00
C000
61A0
C800
9403
01F8
1013
A000
0001
7000
74FF
C200
0401
C200
CA00
C800
2400
C200
CC00
0001
7000
88FF
019F
1013
A000
0001
7000
74FF
C200
0401
C200
CA00
C800
2400
C200
0003
7000
7401
C200
CA00
C800
C400
6980
6A20
9805
3100
CC00
9807
0400
9E06
0400
2100
CC00
9801
9E01
07FF
C200
0003
7000
7400
C200
0001
7000
74FF
C200
CA00
C800
69A0
9803
74FF
3600
9203
0125
1025
A000
2200
7400
C200
0430
C200
CA00
C800
3100
9402
0400
9E01
07FF
C200
CA00
C800
4400
C200
0003
7400
C200
0003
7000
7400
C200
0001
7000
74FF
C200
0401
C200
CA00
C800
2400
C200
CA00
C800
69A0
9803
74FF
3600
9203
0125
1025
A000
2200
7400
C200
0675
1413
C200
0001
7400
C200
0002
7400
C200
0003
7400
C200
0004
7400
C200
65E0
C400
0806
2600
0002
8400
CC00
65E0
0001
8400
0238
1010
A000
0458
C200
CA00
C800
3100
9402
0400
9E01
07FF
C200
CA00
C800
4400
C200
CA00
C000
61A0
C800
9403
028E
1013
A000
029F
1013
A000
0001
7000
74FF
C200
0402
C200
CA00
C800
2400
C200
CC00
0001
7000
88FF
029F
1013
A000
0001
7000
74FF
C200
0003
7000
7401
C200
CA00
C800
C400
6980
6A20
9805
3100
CC00
9807
0400
9E06
0400
2100
CC00
9801
9E01
07FF
C200
CA00
6400
C200
CA00
C000
61A0
C800
9403
003A
1014
A000
0003
7400
C200
0003
7000
7400
C200
0001
7000
74FF
C200
CA00
C800
69A0
9803
74FF
3600
9203
0125
1025
A000
2200
7400
C200
06F8
1413
C200
0001
7400
C200
0002
7400
C200
0003
7400
C200
0004
7400
C200
65E0
C400
0806
2600
0002
8400
CC00
65E0
0001
8400
0238
1010
A000
CC00
0001
7000
88FD
0001
7000
74FD
C200
0430
C200
CA00
C800
C400
6980
6A20
9805
3100
CC00
9807
0400
9E06
0400
2100
CC00
9801
9E01
07FF
C200
CA00
6400
C200
0001
7000
74FD
C200
0439
C200
CA00
C800
C400
6980
6A20
9805
3100
CC00
9206
0400
9E05
0400
2100
CC00
9801
07FF
C200
CA00
6400
C200
CA00
C800
4400
C200
CA00
C000
61A0
C800
9403
0340
1013
A000
0391
1013
A000
0001
7000
74FE
C200
CA00
0005
8400
0005
7400
C200
0005
7400
C200
CA00
C800
2400
C200
CA00
0005
8400
0005
7400
C200
0005
7400
C200
CA00
C800
2400
C200
CA00
0005
8400
0005
7400
C200
0005
7400
C200
CA00
C800
2400
C200
CA00
0005
8400
0005
7400
C200
0005
7400
C200
CA00
C800
2400
C200
0001
7000
74FD
C200
0430
C200
CA00
C800
C400
69A0
6580
3600
CC00
C200
CA00
C800
5400
C200
CC00
0001
7000
88FE
0029
1014
A000
0001
7000
74FD
C200
0441
C200
CA00
C800
C400
6980
6A20
9805
3100
CC00
9807
0400
9E06
0400
2100
CC00
9801
9E01
07FF
C200
CA00
6400
C200
0001
7000
74FD
C200
0446
C200
CA00
C800
C400
6980
6A20
9805
3100
CC00
9206
0400
9E05
0400
2100
CC00
9801
07FF
C200
CA00
6400
C200
CA00
C800
4400
C200
CA00
C000
61A0
C800
9403
03D5
1013
A000
0026
1014
A000
0001
7000
74FE
C200
CA00
0005
8400
0005
7400
C200
0005
7400
C200
CA00
C800
2400
C200
CA00
0005
8400
0005
7400
C200
0005
7400
C200
CA00
C800
2400
C200
CA00
0005
8400
0005
7400
C200
0005
7400
C200
CA00
C800
2400
C200
CA00
0005
8400
0005
7400
C200
0005
7400
C200
CA00
C800
2400
C200
0001
7000
74FD
C200
0437
C200
CA00
C800
C400
69A0
6580
3600
CC00
C200
CA00
C800
5400
C200
CC00
0001
7000
88FE
0029
1014
A000
003A
1014
A000
0001
7000
74FF
C200
0401
C200
CA00
C800
2400
C200
CC00
0001
7000
88FF
029F
1013
A000
0001
7000
74FE
C200
0001
7400
000E
8400
61A0
7404
000D
8400
CA00
0002
7000
8400
0002
7400
6DA0
000E
7000
7400
0004
8400
000E
7000
7401
0003
8400
000E
7000
7402
0002
8400
000E
7000
7403
0001
8400
000D
7000
A000
0400
C200
C200
C200
0002
7000
7400
C200
CA00
0003
8400
0403
C200
CC00
0001
7000
88FF
0001
7000
74FF
C200
07FF
C200
CA00
C800
C400
6980
6A20
9805
3100
CC00
9206
0400
9E05
0400
2100
CC00
9801
07FF
C200
CA00
6400
C200
CA00
C000
61A0
C800
9403
0174
1014
A000
0001
7000
74FF
C200
CA00
0005
8400
0005
7400
C200
0005
7400
C200
CA00
C800
2400
C200
CA00
0005
8400
0005
7400
C200
0005
7400
C200
CA00
C800
2400
C200
CC00
0001
7000
88FE
0002
7000
74FF
C200
0001
7000
74FE
C200
04DD
1414
C200
0001
7400
C200
0002
7400
C200
0003
7400
C200
0004
7400
C200
65E0
C400
0806
2600
0002
8400
CC00
65E0
0001
8400
0033
1001
A000
040F
C200
CA00
C800
4400
C200
CC00
0001
7000
88FD
0001
7000
74FD
C200
040A
C200
CA00
C800
C400
6980
6A20
9805
3100
CC00
9807
0400
9E06
0400
2100
CC00
9801
9E01
07FF
C200
CA00
C000
61A0
C800
9403
010A
1014
A000
0136
1014
A000
0430
C200
0001
7000
74FD
C200
CA00
C800
2400
C200
0530
1414
C200
0001
7400
C200
0002
7400
C200
0003
7400
C200
0004
7400
C200
65E0
C400
0805
2600
0002
8400
CC00
65E0
0001
8400
03C7
1002
A000
CA00
0005
8400
015F
1014
A000
0437
C200
0001
7000
74FD
C200
CA00
C800
2400
C200
055C
1414
C200
0001
7400
C200
0002
7400
C200
0003
7400
C200
0004
7400
C200
65E0
C400
0805
2600
0002
8400
CC00
65E0
0001
8400
03C7
1002
A000
CA00
0005
8400
0001
7000
74FF
C200
0401
C200
CA00
C800
C400
69A0
6580
3600
CC00
C200
CC00
0001
7000
88FF
0075
1014
A000
0400
C200
0001
7400
000E
8400
61A0
7404
000D
8400
CA00
0002
7000
8400
0002
7400
6DA0
000E
7000
7400
0004
8400
000E
7000
7401
0003
8400
000E
7000
7402
0002
8400
000E
7000
7403
0001
8400
000D
7000
A000
0400
C200
C200
0002
7000
7400
C200
CA00
0003
8400
0003
7400
C200
0003
7000
7400
C200
0400
C200
CA00
C800
69A0
9803
74FF
3600
9203
0125
1025
A000
2200
7400
C200
05D8
1414
C200
0001
7400
C200
0002
7400
C200
0003
7400
C200
0004
7400
C200
65E0
C400
0806
2600
0002
8400
CC00
65E0
0001
8400
0238
1010
A000
CC00
0001
7000
88FF
0400
C200
CC00
0001
7000
88FE
0003
7000
7401
C200
0401
C200
CA00
C800
C400
6980
6A20
9805
3100
CC00
9206
0400
9E05
0400
2100
CC00
9801
07FF
C200
CA00
C000
61A0
C800
9403
0204
1014
A000
023D
1014
A000
0003
7400
C200
0003
7000
7400
C200
0401
C200
CA00
C800
69A0
9803
74FF
3600
9203
0125
1025
A000
2200
7400
C200
0636
1414
C200
0001
7400
C200
0002
7400
C200
0003
7400
C200
0004
7400
C200
65E0
C400
0806
2600
0002
8400
CC00
65E0
0001
8400
0238
1010
A000
CC00
0001
7000
88FE
023D
1014
A000
0001
7000
74FF
C200
043F
C200
CA00
C800
3100
9402
0400
9E01
07FF
C200
CA00
C000
61A0
C800
9403
0256
1014
A000
027B
1014
A000
0003
7400
C200
0675
1414
C200
0001
7400
C200
0002
7400
C200
0003
7400
C200
0004
7400
C200
65E0
C400
0805
2600
0002
8400
CC00
65E0
0001
8400
0031
1016
A000
CA00
0005
8400
0009
1016
A000
0001
7000
74FF
C200
0443
C200
CA00
C800
3100
9402
0400
9E01
07FF
C200
0001
7000
74FE
C200
044C
C200
CA00
C800
3100
9402
0400
9E01
07FF
C200
CA00
C800
4400
C200
CA00
C000
61A0
C800
9403
02A6
1014
A000
02CB
1014
A000
0003
7400
C200
06C5
1414
C200
0001
7400
C200
0002
7400
C200
0003
7400
C200
0004
7400
C200
65E0
C400
0805
2600
0002
8400
CC00
65E0
0001
8400
00B6
1018
A000
CA00
0005
8400
0009
1016
A000
0001
7000
74FF
C200
0443
C200
CA00
C800
3100
9402
0400
9E01
07FF
C200
0001
7000
74FE
C200
0452
C200
CA00
C800
3100
9402
0400
9E01
07FF
C200
CA00
C800
4400
C200
CA00
C000
61A0
C800
9403
02F6
1014
A000
031B
1014
A000
0003
7400
C200
0715
1414
C200
0001
7400
C200
0002
7400
C200
0003
7400
C200
0004
7400
C200
65E0
C400
0805
2600
0002
8400
CC00
65E0
0001
8400
01A8
101B
A000
CA00
0005
8400
0009
1016
A000
0001
7000
74FF
C200
0444
C200
CA00
C800
3100
9402
0400
9E01
07FF
C200
0001
7000
74FE
C200
0449
C200
CA00
C800
3100
9402
0400
9E01
07FF
C200
CA00
C800
4400
C200
CA00
C000
61A0
C800
9403
0346
1014
A000
036B
1014
A000
0003
7400
C200
0765
1414
C200
0001
7400
C200
0002
7400
C200
0003
7400
C200
0004
7400
C200
65E0
C400
0805
2600
0002
8400
CC00
65E0
0001
8400
023E
1018
A000
CA00
0005
8400
0009
1016
A000
0001
7000
74FF
C200
0444
C200
CA00
C800
3100
9402
0400
9E01
07FF
C200
0001
7000
74FE
C200
0445
C200
CA00
C800
3100
9402
0400
9E01
07FF
C200
CA00
C800
4400
C200
CA00
C000
61A0
C800
9403
0396
1014
A000
03BB
1014
A000
0003
7400
C200
07B5
1414
C200
0001
7400
C200
0002
7400
C200
0003
7400
C200
0004
7400
C200
65E0
C400
0805
2600
0002
8400
CC00
65E0
0001
8400
003F
101E
A000
CA00
0005
8400
0009
1016
A000
0001
7000
74FF
C200
0445
C200
CA00
C800
3100
9402
0400
9E01
07FF
C200
0001
7000
74FE
C200
0443
C200
CA00
C800
3100
9402
0400
9E01
07FF
C200
CA00
C800
4400
C200
CA00
C000
61A0
C800
9403
03E6
1014
A000
000B
1015
A000
0003
7400
C200
0405
1415
C200
0001
7400
C200
0002
7400
C200
0003
7400
C200
0004
7400
C200
65E0
C400
0805
2600
0002
8400
CC00
65E0
0001
8400
0161
1018
A000
CA00
0005
8400
0009
1016
A000
0001
7000
74FF
C200
0446
C200
CA00
C800
3100
9402
0400
9E01
07FF
C200
0001
7000
74FE
C200
044F
C200
CA00
C800
3100
9402
0400
9E01
07FF
C200
CA00
C800
4400
C200
CA00
C000
61A0
C800
9403
0036
1015
A000
005B
1015
A000
0003
7400
C200
0455
1415
C200
0001
7400
C200
0002
7400
C200
0003
7400
C200
0004
7400
C200
65E0
C400
0805
2600
0002
8400
CC00
65E0
0001
8400
01A3
101F
A000
CA00
0005
8400
0009
1016
A000
0001
7000
74FF
C200
0448
C200
CA00
C800
3100
9402
0400
9E01
07FF
C200
0001
7000
74FE
C200
0441
C200
CA00
C800
3100
9402
0400
9E01
07FF
C200
CA00
C800
4400
C200
CA00
C000
61A0
C800
9403
0086
1015
A000
00AB
1015
A000
0003
7400
C200
04A5
1415
C200
0001
7400
C200
0002
7400
C200
0003
7400
C200
0004
7400
C200
65E0
C400
0805
2600
0002
8400
CC00
65E0
0001
8400
03C7
1024
A000
CA00
0005
8400
0009
1016
A000
0001
7000
74FF
C200
0448
C200
CA00
C800
3100
9402
0400
9E01
07FF
C200
0001
7000
74FE
C200
0445
C200
CA00
C800
3100
9402
0400
9E01
07FF
C200
CA00
C800
4400
C200
CA00
C000
61A0
C800
9403
00D6
1015
A000
00FB
1015
A000
0003
7400
C200
04F5
1415
C200
0001
7400
C200
0002
7400
C200
0003
7400
C200
0004
7400
C200
65E0
C400
0805
2600
0002
8400
CC00
65E0
0001
8400
0031
1016
A000
CA00
0005
8400
0009
1016
A000
0001
7000
74FF
C200
044D
C200
CA00
C800
3100
9402
0400
9E01
07FF
C200
0001
7000
74FE
C200
044F
C200
CA00
C800
3100
9402
0400
9E01
07FF
C200
CA00
C800
4400
C200
CA00
C000
61A0
C800
9403
0126
1015
A000
014B
1015
A000
0003
7400
C200
0545
1415
C200
0001
7400
C200
0002
7400
C200
0003
7400
C200
0004
7400
C200
65E0
C400
0805
2600
0002
8400
CC00
65E0
0001
8400
005F
1024
A000
CA00
0005
8400
0009
1016
A000
0001
7000
74FF
C200
0450
C200
CA00
C800
3100
9402
0400
9E01
07FF
C200
0001
7000
74FE
C200
0445
C200
CA00
C800
3100
9402
0400
9E01
07FF
C200
CA00
C800
4400
C200
CA00
C000
61A0
C800
9403
0176
1015
A000
019B
1015
A000
0003
7400
C200
0595
1415
C200
0001
7400
C200
0002
7400
C200
0003
7400
C200
0004
7400
C200
65E0
C400
0805
2600
0002
8400
CC00
65E0
0001
8400
02CE
1020
A000
CA00
0005
8400
0009
1016
A000
0001
7000
74FF
C200
0450
C200
CA00
C800
3100
9402
0400
9E01
07FF
C200
0001
7000
74FE
C200
044F
C200
CA00
C800
3100
9402
0400
9E01
07FF
C200
CA00
C800
4400
C200
CA00
C000
61A0
C800
9403
01C6
1015
A000
01EB
1015
A000
0003
7400
C200
05E5
1415
C200
0001
7400
C200
0002
7400
C200
0003
7400
C200
0004
7400
C200
65E0
C400
0805
2600
0002
8400
CC00
65E0
0001
8400
0396
1020
A000
CA00
0005
8400
0009
1016
A000
0001
7000
74FF
C200
0452
C200
CA00
C800
3100
9402
0400
9E01
07FF
C200
0001
7000
74FE
C200
0455
C200
CA00
C800
3100
9402
0400
9E01
07FF
C200
CA00
C800
4400
C200
CA00
C000
61A0
C800
9403
0216
1015
A000
023B
1015
A000
0003
7400
C200
0635
1415
C200
0001
7400
C200
0002
7400
C200
0003
7400
C200
0004
7400
C200
65E0
C400
0805
2600
0002
8400
CC00
65E0
0001
8400
00B9
1021
A000
CA00
0005
8400
0009
1016
A000
0001
7000
74FF
C200
0454
C200
CA00
C800
3100
9402
0400
9E01
07FF
C200
0001
7000
74FE
C200
0459
C200
CA00
C800
3100
9402
0400
9E01
07FF
C200
CA00
C800
4400
C200
CA00
C000
61A0
C800
9403
0266
1015
A000
028B
1015
A000
0003
7400
C200
0685
1415
C200
0001
7400
C200
0002
7400
C200
0003
7400
C200
0004
7400
C200
65E0
C400
0805
2600
0002
8400
CC00
65E0
0001
8400
0373
1019
A000
CA00
0005
8400
0009
1016
A000
0001
7000
74FF
C200
0457
C200
CA00
C800
3100
9402
0400
9E01
07FF
C200
0001
7000
74FE
C200
0452
C200
CA00
C800
3100
9402
0400
9E01
07FF
C200
CA00
C800
4400
C200
CA00
C000
61A0
C800
9403
02B6
1015
A000
02DB
1015
A000
0003
7400
C200
06D5
1415
C200
0001
7400
C200
0002
7400
C200
0003
7400
C200
0004
7400
C200
65E0
C400
0805
2600
0002
8400
CC00
65E0
0001
8400
0223
101C
A000
CA00
0005
8400
0009
1016
A000
0407
C200
06F9
1415
C200
0001
7400
C200
0002
7400
C200
0003
7400
C200
0004
7400
C200
65E0
C400
0805
2600
0002
8400
CC00
65E0
0001
8400
005A
1002
A000
0442
C200
0717
1415
C200
0001
7400
C200
0002
7400
C200
0003
7400
C200
0004
7400
C200
65E0
C400
0806
2600
0002
8400
CC00
65E0
0001
8400
0263
1002
A000
0461
C200
0735
1415
C200
0001
7400
C200
0002
7400
C200
0003
7400
C200
0004
7400
C200
65E0
C400
0806
2600
0002
8400
CC00
65E0
0001
8400
0263
1002
A000
0464
C200
0753
1415
C200
0001
7400
C200
0002
7400
C200
0003
7400
C200
0004
7400
C200
65E0
C400
0806
2600
0002
8400
CC00
65E0
0001
8400
0263
1002
A000
0420
C200
0771
1415
C200
0001
7400
C200
0002
7400
C200
0003
7400
C200
0004
7400
C200
65E0
C400
0806
2600
0002
8400
CC00
65E0
0001
8400
0263
1002
A000
0463
C200
078F
1415
C200
0001
7400
C200
0002
7400
C200
0003
7400
C200
0004
7400
C200
65E0
C400
0806
2600
0002
8400
CC00
65E0
0001
8400
0263
1002
A000
046D
C200
07AD
1415
C200
0001
7400
C200
0002
7400
C200
0003
7400
C200
0004
7400
C200
65E0
C400
0806
2600
0002
8400
CC00
65E0
0001
8400
0263
1002
A000
0464
C200
07CB
1415
C200
0001
7400
C200
0002
7400
C200
0003
7400
C200
0004
7400
C200
65E0
C400
0806
2600
0002
8400
CC00
65E0
0001
8400
0263
1002
A000
07E7
1415
C200
0001
7400
C200
0002
7400
C200
0003
7400
C200
0004
7400
C200
65E0
C400
0805
2600
0002
8400
CC00
65E0
0001
8400
0068
1003
A000
CA00
0005
8400
0406
1416
C200
0001
7400
C200
0002
7400
C200
0003
7400
C200
0004
7400
C200
65E0
C400
0804
2600
0002
8400
CC00
65E0
0001
8400
0311
1003
A000
CA00
0005
8400
0400
C200
0001
7400
000E
8400
61A0
7404
000D
8400
CA00
0002
7000
8400
0002
7400
6DA0
000E
7000
7400
0004
8400
000E
7000
7401
0003
8400
000E
7000
7402
0002
8400
000E
7000
7403
0001
8400
000D
7000
A000
0002
7000
7400
C200
CA00
0003
8400
041D
C200
0456
1416
C200
0001
7400
C200
0002
7400
C200
0003
7400
C200
0004
7400
C200
65E0
C400
0805
2600
0002
8400
CC00
65E0
0001
8400
005A
1002
A000
0452
C200
0474
1416
C200
0001
7400
C200
0002
7400
C200
0003
7400
C200
0004
7400
C200
65E0
C400
0806
2600
0002
8400
CC00
65E0
0001
8400
0263
1002
A000
0455
C200
0492
1416
C200
0001
7400
C200
0002
7400
C200
0003
7400
C200
0004
7400
C200
65E0
C400
0806
2600
0002
8400
CC00
65E0
0001
8400
0263
1002
A000
044E
C200
04B0
1416
C200
0001
7400
C200
0002
7400
C200
0003
7400
C200
0004
7400
C200
65E0
C400
0806
2600
0002
8400
CC00
65E0
0001
8400
0263
1002
A000
0420
C200
04CE
1416
C200
0001
7400
C200
0002
7400
C200
0003
7400
C200
0004
7400
C200
65E0
C400
0806
2600
0002
8400
CC00
65E0
0001
8400
0263
1002
A000
0444
C200
04EC
1416
C200
0001
7400
C200
0002
7400
C200
0003
7400
C200
0004
7400
C200
65E0
C400
0806
2600
0002
8400
CC00
65E0
0001
8400
0263
1002
A000
0449
C200
050A
1416
C200
0001
7400
C200
0002
7400
C200
0003
7400
C200
0004
7400
C200
65E0
C400
0806
2600
0002
8400
CC00
65E0
0001
8400
0263
1002
A000
0452
C200
0528
1416
C200
0001
7400
C200
0002
7400
C200
0003
7400
C200
0004
7400
C200
65E0
C400
0806
2600
0002
8400
CC00
65E0
0001
8400
0263
1002
A000
0420
C200
0546
1416
C200
0001
7400
C200
0002
7400
C200
0003
7400
C200
0004
7400
C200
65E0
C400
0806
2600
0002
8400
CC00
65E0
0001
8400
0263
1002
A000
0454
C200
0564
1416
C200
0001
7400
C200
0002
7400
C200
0003
7400
C200
0004
7400
C200
65E0
C400
0806
2600
0002
8400
CC00
65E0
0001
8400
0263
1002
A000
0459
C200
0582
1416
C200
0001
7400
C200
0002
7400
C200
0003
7400
C200
0004
7400
C200
65E0
C400
0806
2600
0002
8400
CC00
65E0
0001
8400
0263
1002
A000
0450
C200
05A0
1416
C200
0001
7400
C200
0002
7400
C200
0003
7400
C200
0004
7400
C200
65E0
C400
0806
2600
0002
8400
CC00
65E0
0001
8400
0263
1002
A000
0445
C200
05BE
1416
C200
0001
7400
C200
0002
7400
C200
0003
7400
C200
0004
7400
C200
65E0
C400
0806
2600
0002
8400
CC00
65E0
0001
8400
0263
1002
A000
0420
C200
05DC
1416
C200
0001
7400
C200
0002
7400
C200
0003
7400
C200
0004
7400
C200
65E0
C400
0806
2600
0002
8400
CC00
65E0
0001
8400
0263
1002
A000
0443
C200
05FA
1416
C200
0001
7400
C200
0002
7400
C200
0003
7400
C200
0004
7400
C200
65E0
C400
0806
2600
0002
8400
CC00
65E0
0001
8400
0263
1002
A000
0452
C200
0618
1416
C200
0001
7400
C200
0002
7400
C200
0003
7400
C200
0004
7400
C200
65E0
C400
0806
2600
0002
8400
CC00
65E0
0001
8400
0263
1002
A000
0445
C200
0636
1416
C200
0001
7400
C200
0002
7400
C200
0003
7400
C200
0004
7400
C200
65E0
C400
0806
2600
0002
8400
CC00
65E0
0001
8400
0263
1002
A000
0441
C200
0654
1416
C200
0001
7400
C200
0002
7400
C200
0003
7400
C200
0004
7400
C200
65E0
C400
0806
2600
0002
8400
CC00
65E0
0001
8400
0263
1002
A000
0454
C200
0672
1416
C200
0001
7400
C200
0002
7400
C200
0003
7400
C200
0004
7400
C200
65E0
C400
0806
2600
0002
8400
CC00
65E0
0001
8400
0263
1002
A000
0445
C200
0690
1416
C200
0001
7400
C200
0002
7400
C200
0003
7400
C200
0004
7400
C200
65E0
C400
0806
2600
0002
8400
CC00
65E0
0001
8400
0263
1002
A000
0420
C200
06AE
1416
C200
0001
7400
C200
0002
7400
C200
0003
7400
C200
0004
7400
C200
65E0
C400
0806
2600
0002
8400
CC00
65E0
0001
8400
0263
1002
A000
0457
C200
06CC
1416
C200
0001
7400
C200
0002
7400
C200
0003
7400
C200
0004
7400
C200
65E0
C400
0806
2600
0002
8400
CC00
65E0
0001
8400
0263
1002
A000
0452
C200
06EA
1416
C200
0001
7400
C200
0002
7400
C200
0003
7400
C200
0004
7400
C200
65E0
C400
0806
2600
0002
8400
CC00
65E0
0001
8400
0263
1002
A000
0449
C200
0708
1416
C200
0001
7400
C200
0002
7400
C200
0003
7400
C200
0004
7400
C200
65E0
C400
0806
2600
0002
8400
CC00
65E0
0001
8400
0263
1002
A000
0454
C200
0726
1416
C200
0001
7400
C200
0002
7400
C200
0003
7400
C200
0004
7400
C200
65E0
C400
0806
2600
0002
8400
CC00
65E0
0001
8400
0263
1002
A000
0445
C200
0744
1416
C200
0001
7400
C200
0002
7400
C200
0003
7400
C200
0004
7400
C200
65E0
C400
0806
2600
0002
8400
CC00
65E0
0001
8400
0263
1002
A000
0420
C200
0762
1416
C200
0001
7400
C200
0002
7400
C200
0003
7400
C200
0004
7400
C200
65E0
C400
0806
2600
0002
8400
CC00
65E0
0001
8400
0263
1002
A000
0444
C200
0780
1416
C200
0001
7400
C200
0002
7400
C200
0003
7400
C200
0004
7400
C200
65E0
C400
0806
2600
0002
8400
CC00
65E0
0001
8400
0263
1002
A000
0445
C200
079E
1416
C200
0001
7400
C200
0002
7400
C200
0003
7400
C200
0004
7400
C200
65E0
C400
0806
2600
0002
8400
CC00
65E0
0001
8400
0263
1002
A000
044C
C200
07BC
1416
C200
0001
7400
C200
0002
7400
C200
0003
7400
C200
0004
7400
C200
65E0
C400
0806
2600
0002
8400
CC00
65E0
0001
8400
0263
1002
A000
07D8
1416
C200
0001
7400
C200
0002
7400
C200
0003
7400
C200
0004
7400
C200
65E0
C400
0805
2600
0002
8400
CC00
65E0
0001
8400
0068
1003
A000
CA00
0005
8400
07F7
1416
C200
0001
7400
C200
0002
7400
C200
0003
7400
C200
0004
7400
C200
65E0
C400
0804
2600
0002
8400
CC00
65E0
0001
8400
0311
1003
A000
CA00
0005
8400
0424
C200
0418
1417
C200
0001
7400
C200
0002
7400
C200
0003
7400
C200
0004
7400
C200
65E0
C400
0805
2600
0002
8400
CC00
65E0
0001
8400
005A
1002
A000
0446
C200
0436
1417
C200
0001
7400
C200
0002
7400
C200
0003
7400
C200
0004
7400
C200
65E0
C400
0806
2600
0002
8400
CC00
65E0
0001
8400
0263
1002
A000
044F
C200
0454
1417
C200
0001
7400
C200
0002
7400
C200
0003
7400
C200
0004
7400
C200
65E0
C400
0806
2600
0002
8400
CC00
65E0
0001
8400
0263
1002
A000
0452
C200
0472
1417
C200
0001
7400
C200
0002
7400
C200
0003
7400
C200
0004
7400
C200
65E0
C400
0806
2600
0002
8400
CC00
65E0
0001
8400
0263
1002
A000
044D
C200
0490
1417
C200
0001
7400
C200
0002
7400
C200
0003
7400
C200
0004
7400
C200
65E0
C400
0806
2600
0002
8400
CC00
65E0
0001
8400
0263
1002
A000
0441
C200
04AE
1417
C200
0001
7400
C200
0002
7400
C200
0003
7400
C200
0004
7400
C200
65E0
C400
0806
2600
0002
8400
CC00
65E0
0001
8400
0263
1002
A000
0454
C200
04CC
1417
C200
0001
7400
C200
0002
7400
C200
0003
7400
C200
0004
7400
C200
65E0
C400
0806
2600
0002
8400
CC00
65E0
0001
8400
0263
1002
A000
0420
C200
04EA
1417
C200
0001
7400
C200
0002
7400
C200
0003
7400
C200
0004
7400
C200
65E0
C400
0806
2600
0002
8400
CC00
65E0
0001
8400
0263
1002
A000
044D
C200
0508
1417
C200
0001
7400
C200
0002
7400
C200
0003
7400
C200
0004
7400
C200
65E0
C400
0806
2600
0002
8400
CC00
65E0
0001
8400
0263
1002
A000
044F
C200
0526
1417
C200
0001
7400
C200
0002
7400
C200
0003
7400
C200
0004
7400
C200
65E0
C400
0806
2600
0002
8400
CC00
65E0
0001
8400
0263
1002
A000
0455
C200
0544
1417
C200
0001
7400
C200
0002
7400
C200
0003
7400
C200
0004
7400
C200
65E0
C400
0806
2600
0002
8400
CC00
65E0
0001
8400
0263
1002
A000
044E
C200
0562
1417
C200
0001
7400
C200
0002
7400
C200
0003
7400
C200
0004
7400
C200
65E0
C400
0806
2600
0002
8400
CC00
65E0
0001
8400
0263
1002
A000
0454
C200
0580
1417
C200
0001
7400
C200
0002
7400
C200
0003
7400
C200
0004
7400
C200
65E0
C400
0806
2600
0002
8400
CC00
65E0
0001
8400
0263
1002
A000
0420
C200
059E
1417
C200
0001
7400
C200
0002
7400
C200
0003
7400
C200
0004
7400
C200
65E0
C400
0806
2600
0002
8400
CC00
65E0
0001
8400
0263
1002
A000
0443
C200
05BC
1417
C200
0001
7400
C200
0002
7400
C200
0003
7400
C200
0004
7400
C200
65E0
C400
0806
2600
0002
8400
CC00
65E0
0001
8400
0263
1002
A000
044C
C200
05DA
1417
C200
0001
7400
C200
0002
7400
C200
0003
7400
C200
0004
7400
C200
65E0
C400
0806
2600
0002
8400
CC00
65E0
0001
8400
0263
1002
A000
0453
C200
05F8
1417
C200
0001
7400
C200
0002
7400
C200
0003
7400
C200
0004
7400
C200
65E0
C400
0806
2600
0002
8400
CC00
65E0
0001
8400
0263
1002
A000
0420
C200
0616
1417
C200
0001
7400
C200
0002
7400
C200
0003
7400
C200
0004
7400
C200
65E0
C400
0806
2600
0002
8400
CC00
65E0
0001
8400
0263
1002
A000
0445
C200
0634
1417
C200
0001
7400
C200
0002
7400
C200
0003
7400
C200
0004
7400
C200
65E0
C400
0806
2600
0002
8400
CC00
65E0
0001
8400
0263
1002
A000
0443
C200
0652
1417
C200
0001
7400
C200
0002
7400
C200
0003
7400
C200
0004
7400
C200
65E0
C400
0806
2600
0002
8400
CC00
65E0
0001
8400
0263
1002
A000
0448
C200
0670
1417
C200
0001
7400
C200
0002
7400
C200
0003
7400
C200
0004
7400
C200
65E0
C400
0806
2600
0002
8400
CC00
65E0
0001
8400
0263
1002
A000
044F
C200
068E
1417
C200
0001
7400
C200
0002
7400
C200
0003
7400
C200
0004
7400
C200
65E0
C400
0806
2600
0002
8400
CC00
65E0
0001
8400
0263
1002
A000
0420
C200
06AC
1417
C200
0001
7400
C200
0002
7400
C200
0003
7400
C200
0004
7400
C200
65E0
C400
0806
2600
0002
8400
CC00
65E0
0001
8400
0263
1002
A000
0450
C200
06CA
1417
C200
0001
7400
C200
0002
7400
C200
0003
7400
C200
0004
7400
C200
65E0
C400
0806
2600
0002
8400
CC00
65E0
0001
8400
0263
1002
A000
0445
C200
06E8
1417
C200
0001
7400
C200
0002
7400
C200
0003
7400
C200
0004
7400
C200
65E0
C400
0806
2600
0002
8400
CC00
65E0
0001
8400
0263
1002
A000
0445
C200
0706
1417
C200
0001
7400
C200
0002
7400
C200
0003
7400
C200
0004
7400
C200
65E0
C400
0806
2600
0002
8400
CC00
65E0
0001
8400
0263
1002
A000
044B
C200
0724
1417
C200
0001
7400
C200
0002
7400
C200
0003
7400
C200
0004
7400
C200
65E0
C400
0806
2600
0002
8400
CC00
65E0
0001
8400
0263
1002
A000
0420
C200
0742
1417
C200
0001
7400
C200
0002
7400
C200
0003
7400
C200
0004
7400
C200
65E0
C400
0806
2600
0002
8400
CC00
65E0
0001
8400
0263
1002
A000
0450
C200
0760
1417
C200
0001
7400
C200
0002
7400
C200
0003
7400
C200
0004
7400
C200
65E0
C400
0806
2600
0002
8400
CC00
65E0
0001
8400
0263
1002
A000
044F
C200
077E
1417
C200
0001
7400
C200
0002
7400
C200
0003
7400
C200
0004
7400
C200
65E0
C400
0806
2600
0002
8400
CC00
65E0
0001
8400
0263
1002
A000
044B
C200
079C
1417
C200
0001
7400
C200
0002
7400
C200
0003
7400
C200
0004
7400
C200
65E0
C400
0806
2600
0002
8400
CC00
65E0
0001
8400
0263
1002
A000
0445
C200
07BA
1417
C200
0001
7400
C200
0002
7400
C200
0003
7400
C200
0004
7400
C200
65E0
C400
0806
2600
0002
8400
CC00
65E0
0001
8400
0263
1002
A000
0420
C200
07D8
1417
C200
0001
7400
C200
0002
7400
C200
0003
7400
C200
0004
7400
C200
65E0
C400
0806
2600
0002
8400
CC00
65E0
0001
8400
0263
1002
A000
0448
C200
07F6
1417
C200
0001
7400
C200
0002
7400
C200
0003
7400
C200
0004
7400
C200
65E0
C400
0806
2600
0002
8400
CC00
65E0
0001
8400
0263
1002
A000
0441
C200
0414
1418
C200
0001
7400
C200
0002
7400
C200
0003
7400
C200
0004
7400
C200
65E0
C400
0806
2600
0002
8400
CC00
65E0
0001
8400
0263
1002
A000
044C
C200
0432
1418
C200
0001
7400
C200
0002
7400
C200
0003
7400
C200
0004
7400
C200
65E0
C400
0806
2600
0002
8400
CC00
65E0
0001
8400
0263
1002
A000
0454
C200
0450
1418
C200
0001
7400
C200
0002
7400
C200
0003
7400
C200
0004
7400
C200
65E0
C400
0806
2600
0002
8400
CC00
65E0
0001
8400
0263
1002
A000
046C
1418
C200
0001
7400
C200
0002
7400
C200
0003
7400
C200
0004
7400
C200
65E0
C400
0805
2600
0002
8400
CC00
65E0
0001
8400
0068
1003
A000
CA00
0005
8400
048B
1418
C200
0001
7400
C200
0002
7400
C200
0003
7400
C200
0004
7400
C200
65E0
C400
0804
2600
0002
8400
CC00
65E0
0001
8400
0311
1003
A000
CA00
0005
8400
0400
C200
0001
7400
000E
8400
61A0
7404
000D
8400
CA00
0002
7000
8400
0002
7400
6DA0
000E
7000
7400
0004
8400
000E
7000
7401
0003
8400
000E
7000
7402
0002
8400
000E
7000
7403
0001
8400
000D
7000
A000
0400
C200
0002
7000
7400
C200
CA00
0003
8400
0400
C200
CC00
0001
7000
88FF
0001
7000
74FF
C200
0560
1402
C200
CA00
C800
C400
6980
6A20
9805
3100
CC00
9807
0400
9E06
0400
2100
CC00
9801
9E01
07FF
C200
CA00
6400
C200
CA00
C000
61A0
C800
9403
011A
1018
A000
0400
143B
C200
0001
7000
74FF
C200
CA00
C800
2400
C200
0720
1401
C200
CA00
0005
8400
CA00
0004
8400
0005
7400
C200
CC00
0004
7000
8800
0400
C200
CA00
0005
8400
0001
7000
74FF
C200
0401
C200
CA00
C800
2400
C200
CC00
0001
7000
88FF
00C5
1018
A000
0536
1418
C200
0001
7400
C200
0002
7400
C200
0003
7400
C200
0004
7400
C200
65E0
C400
0804
2600
0002
8400
CC00
65E0
0001
8400
0312
100C
A000
CA00
0005
8400
0400
C200
0001
7400
000E
8400
61A0
7404
000D
8400
CA00
0002
7000
8400
0002
7400
6DA0
000E
7000
7400
0004
8400
000E
7000
7401
0003
8400
000E
7000
7402
0002
8400
000E
7000
7403
0001
8400
000D
7000
A000
0400
C200
0002
7000
7400
C200
CA00
0003
8400
0003
7400
C200
0589
1418
C200
0001
7400
C200
0002
7400
C200
0003
7400
C200
0004
7400
C200
65E0
C400
0805
2600
0002
8400
CC00
65E0
0001
8400
02DE
1010
A000
CC00
0001
7000
88FF
0001
7000
74FF
C200
0003
7000
7401
C200
CA00
C800
C400
6980
6A20
9805
3100
CC00
9807
0400
9E06
0400
2100
CC00
9801
9E01
07FF
C200
CA00
6400
C200
CA00
C000
61A0
C800
9403
01F7
1018
A000
0003
7000
7400
C200
0001
7000
74FF
C200
CA00
C800
69A0
9803
74FF
3600
9203
0125
1025
A000
2200
7400
C200
05E3
1418
C200
0001
7400
C200
0002
7400
C200
0003
7400
C200
0004
7400
C200
65E0
C400
0805
2600
0002
8400
CC00
65E0
0001
8400
03C7
1002
A000
CA00
0005
8400
0001
7000
74FF
C200
0401
C200
CA00
C800
2400
C200
CC00
0001
7000
88FF
018D
1018
A000
0613
1418
C200
0001
7400
C200
0002
7400
C200
0003
7400
C200
0004
7400
C200
65E0
C400
0804
2600
0002
8400
CC00
65E0
0001
8400
0311
1003
A000
CA00
0005
8400
0400
C200
0001
7400
000E
8400
61A0
7404
000D
8400
CA00
0002
7000
8400
0002
7400
6DA0
000E
7000
7400
0004
8400
000E
7000
7401
0003
8400
000E
7000
7402
0002
8400
000E
7000
7403
0001
8400
000D
7000
A000
0400
C200
C200
0002
7000
7400
C200
CA00
0003
8400
0003
7400
C200
0667
1418
C200
0001
7400
C200
0002
7400
C200
0003
7400
C200
0004
7400
C200
65E0
C400
0805
2600
0002
8400
CC00
65E0
0001
8400
0009
1013
A000
0400
C200
CA00
C800
3100
9402
0400
9E01
07FF
C200
CA00
C000
61A0
C800
9403
027C
1018
A000
02A7
1018
A000
0400
C200
0001
7400
000E
8400
61A0
7404
000D
8400
CA00
0002
7000
8400
0002
7400
6DA0
000E
7000
7400
0004
8400
000E
7000
7401
0003
8400
000E
7000
7402
0002
8400
000E
7000
7403
0001
8400
000D
7000
A000
02A7
1018
A000
0400
C200
CC00
0001
7000
88FF
0400
C200
CC00
0001
7000
88FE
0001
7000
74FE
C200
0410
C200
CA00
C800
C400
6980
6A20
9805
3100
CC00
9807
0400
9E06
0400
2100
CC00
9801
9E01
07FF
C200
CA00
6400
C200
CA00
C000
61A0
C800
9403
00B0
1019
A000
0001
7000
74FE
C200
040B
C200
06F8
1418
C200
0001
7400
C200
0002
7400
C200
0003
7400
C200
0004
7400
C200
65E0
C400
0806
2600
0002
8400
CC00
65E0
0001
8400
0039
1006
A000
0401
C200
CA00
C800
4400
C200
0400
C200
CA00
C800
3100
9402
0400
9E01
07FF
C200
CA00
6400
C200
CA00
C000
61A0
C800
9403
0316
1018
A000
009F
1019
A000
0402
C200
0734
1418
C200
0001
7400
C200
0002
7400
C200
0003
7400
C200
0004
7400
C200
65E0
C400
0805
2600
0002
8400
CC00
65E0
0001
8400
005A
1002
A000
0420
C200
0752
1418
C200
0001
7400
C200
0002
7400
C200
0003
7400
C200
0004
7400
C200
65E0
C400
0806
2600
0002
8400
CC00
65E0
0001
8400
0263
1002
A000
0420
C200
0770
1418
C200
0001
7400
C200
0002
7400
C200
0003
7400
C200
0004
7400
C200
65E0
C400
0806
2600
0002
8400
CC00
65E0
0001
8400
0263
1002
A000
078C
1418
C200
0001
7400
C200
0002
7400
C200
0003
7400
C200
0004
7400
C200
65E0
C400
0805
2600
0002
8400
CC00
65E0
0001
8400
0068
1003
A000
CA00
0005
8400
0003
7400
C200
0001
7000
74FE
C200
07B2
1418
C200
0001
7400
C200
0002
7400
C200
0003
7400
C200
0004
7400
C200
65E0
C400
0806
2600
0002
8400
CC00
65E0
0001
8400
026D
1012
A000
CA00
0005
8400
0402
C200
07D3
1418
C200
0001
7400
C200
0002
7400
C200
0003
7400
C200
0004
7400
C200
65E0
C400
0805
2600
0002
8400
CC00
65E0
0001
8400
005A
1002
A000
0420
C200
07F1
1418
C200
0001
7400
C200
0002
7400
C200
0003
7400
C200
0004
7400
C200
65E0
C400
0806
2600
0002
8400
CC00
65E0
0001
8400
0263
1002
A000
0420
C200
040F
1419
C200
0001
7400
C200
0002
7400
C200
0003
7400
C200
0004
7400
C200
65E0
C400
0806
2600
0002
8400
CC00
65E0
0001
8400
0263
1002
A000
042B
1419
C200
0001
7400
C200
0002
7400
C200
0003
7400
C200
0004
7400
C200
65E0
C400
0805
2600
0002
8400
CC00
65E0
0001
8400
0068
1003
A000
CA00
0005
8400
0001
7000
74FE
C200
040D
C200
0450
1419
C200
0001
7400
C200
0002
7400
C200
0003
7400
C200
0004
7400
C200
65E0
C400
0806
2600
0002
8400
CC00
65E0
0001
8400
0039
1006
A000
046C
1419
C200
0001
7400
C200
0002
7400
C200
0003
7400
C200
0004
7400
C200
65E0
C400
0805
2600
0002
8400
CC00
65E0
0001
8400
0136
1003
A000
CA00
0005
8400
048B
1419
C200
0001
7400
C200
0002
7400
C200
0003
7400
C200
0004
7400
C200
65E0
C400
0804
2600
0002
8400
CC00
65E0
0001
8400
0311
1003
A000
CA00
0005
8400
0001
7000
74FF
C200
0401
C200
CA00
C800
2400
C200
CC00
0001
7000
88FF
009F
1019
A000
0001
7000
74FE
C200
0401
C200
CA00
C800
2400
C200
CC00
0001
7000
88FE
02B3
1018
A000
0001
7000
74FF
C200
04D0
1419
C200
0001
7400
C200
0002
7400
C200
0003
7400
C200
0004
7400
C200
65E0
C400
0805
2600
0002
8400
CC00
65E0
0001
8400
0136
1003
A000
CA00
0005
8400
0409
C200
04F1
1419
C200
0001
7400
C200
0002
7400
C200
0003
7400
C200
0004
7400
C200
65E0
C400
0805
2600
0002
8400
CC00
65E0
0001
8400
005A
1002
A000
0420
C200
050F
1419
C200
0001
7400
C200
0002
7400
C200
0003
7400
C200
0004
7400
C200
65E0
C400
0806
2600
0002
8400
CC00
65E0
0001
8400
0263
1002
A000
0466
C200
052D
1419
C200
0001
7400
C200
0002
7400
C200
0003
7400
C200
0004
7400
C200
65E0
C400
0806
2600
0002
8400
CC00
65E0
0001
8400
0263
1002
A000
0469
C200
054B
1419
C200
0001
7400
C200
0002
7400
C200
0003
7400
C200
0004
7400
C200
65E0
C400
0806
2600
0002
8400
CC00
65E0
0001
8400
0263
1002
A000
046C
C200
0569
1419
C200
0001
7400
C200
0002
7400
C200
0003
7400
C200
0004
7400
C200
65E0
C400
0806
2600
0002
8400
CC00
65E0
0001
8400
0263
1002
A000
0465
C200
0587
1419
C200
0001
7400
C200
0002
7400
C200
0003
7400
C200
0004
7400
C200
65E0
C400
0806
2600
0002
8400
CC00
65E0
0001
8400
0263
1002
A000
0428
C200
05A5
1419
C200
0001
7400
C200
0002
7400
C200
0003
7400
C200
0004
7400
C200
65E0
C400
0806
2600
0002
8400
CC00
65E0
0001
8400
0263
1002
A000
0473
C200
05C3
1419
C200
0001
7400
C200
0002
7400
C200
0003
7400
C200
0004
7400
C200
65E0
C400
0806
2600
0002
8400
CC00
65E0
0001
8400
0263
1002
A000
0429
C200
05E1
1419
C200
0001
7400
C200
0002
7400
C200
0003
7400
C200
0004
7400
C200
65E0
C400
0806
2600
0002
8400
CC00
65E0
0001
8400
0263
1002
A000
0420
C200
05FF
1419
C200
0001
7400
C200
0002
7400
C200
0003
7400
C200
0004
7400
C200
65E0
C400
0806
2600
0002
8400
CC00
65E0
0001
8400
0263
1002
A000
061B
1419
C200
0001
7400
C200
0002
7400
C200
0003
7400
C200
0004
7400
C200
65E0
C400
0805
2600
0002
8400
CC00
65E0
0001
8400
0068
1003
A000
CA00
0005
8400
063A
1419
C200
0001
7400
C200
0002
7400
C200
0003
7400
C200
0004
7400
C200
65E0
C400
0804
2600
0002
8400
CC00
65E0
0001
8400
0172
1007
A000
0656
1419
C200
0001
7400
C200
0002
7400
C200
0003
7400
C200
0004
7400
C200
65E0
C400
0805
2600
0002
8400
CC00
65E0
0001
8400
0136
1003
A000
CA00
0005
8400
0405
C200
0677
1419
C200
0001
7400
C200
0002
7400
C200
0003
7400
C200
0004
7400
C200
65E0
C400
0805
2600
0002
8400
CC00
65E0
0001
8400
005A
1002
A000
0420
C200
0695
1419
C200
0001
7400
C200
0002
7400
C200
0003
7400
C200
0004
7400
C200
65E0
C400
0806
2600
0002
8400
CC00
65E0
0001
8400
0263
1002
A000
0466
C200
06B3
1419
C200
0001
7400
C200
0002
7400
C200
0003
7400
C200
0004
7400
C200
65E0
C400
0806
2600
0002
8400
CC00
65E0
0001
8400
0263
1002
A000
0472
C200
06D1
1419
C200
0001
7400
C200
0002
7400
C200
0003
7400
C200
0004
7400
C200
65E0
C400
0806
2600
0002
8400
CC00
65E0
0001
8400
0263
1002
A000
0465
C200
06EF
1419
C200
0001
7400
C200
0002
7400
C200
0003
7400
C200
0004
7400
C200
65E0
C400
0806
2600
0002
8400
CC00
65E0
0001
8400
0263
1002
A000
0465
C200
070D
1419
C200
0001
7400
C200
0002
7400
C200
0003
7400
C200
0004
7400
C200
65E0
C400
0806
2600
0002
8400
CC00
65E0
0001
8400
0263
1002
A000
0729
1419
C200
0001
7400
C200
0002
7400
C200
0003
7400
C200
0004
7400
C200
65E0
C400
0805
2600
0002
8400
CC00
65E0
0001
8400
0068
1003
A000
CA00
0005
8400
0748
1419
C200
0001
7400
C200
0002
7400
C200
0003
7400
C200
0004
7400
C200
65E0
C400
0804
2600
0002
8400
CC00
65E0
0001
8400
0311
1003
A000
CA00
0005
8400
0400
C200
0001
7400
000E
8400
61A0
7404
000D
8400
CA00
0002
7000
8400
0002
7400
6DA0
000E
7000
7400
0004
8400
000E
7000
7401
0003
8400
000E
7000
7402
0002
8400
000E
7000
7403
0001
8400
000D
7000
A000
0400
C200
C200
C200
C200
C200
C200
C200
C200
C200
0002
7000
7400
C200
CA00
0003
8400
0003
7400
C200
07A3
1419
C200
0001
7400
C200
0002
7400
C200
0003
7400
C200
0004
7400
C200
65E0
C400
0805
2600
0002
8400
CC00
65E0
0001
8400
0009
1013
A000
0400
C200
CA00
C800
3100
9402
0400
9E01
07FF
C200
CA00
C000
61A0
C800
9403
03B8
1019
A000
03E3
1019
A000
0400
C200
0001
7400
000E
8400
61A0
7404
000D
8400
CA00
0002
7000
8400
0002
7400
6DA0
000E
7000
7400
0004
8400
000E
7000
7401
0003
8400
000E
7000
7402
0002
8400
000E
7000
7403
0001
8400
000D
7000
A000
03E3
1019
A000
0003
7400
C200
0402
141A
C200
0001
7400
C200
0002
7400
C200
0003
7400
C200
0004
7400
C200
65E0
C400
0805
2600
0002
8400
CC00
65E0
0001
8400
02DE
1010
A000
CC00
0001
7000
88FF
0001
7000
74FF
C200
0003
7000
7401
C200
CA00
C800
C400
6980
6A20
9805
3100
CC00
9807
0400
9E06
0400
2100
CC00
9801
9E01
07FF
C200
CA00
6400
C200
CA00
C000
61A0
C800
9403
002E
101A
A000
0059
101A
A000
0400
C200
0001
7400
000E
8400
61A0
7404
000D
8400
CA00
0002
7000
8400
0002
7400
6DA0
000E
7000
7400
0004
8400
000E
7000
7401
0003
8400
000E
7000
7402
0002
8400
000E
7000
7403
0001
8400
000D
7000
A000
0059
101A
A000
0003
7400
C200
0001
7000
74FF
C200
047C
141A
C200
0001
7400
C200
0002
7400
C200
0003
7400
C200
0004
7400
C200
65E0
C400
0806
2600
0002
8400
CC00
65E0
0001
8400
03CC
1010
A000
0400
C200
CA00
C800
3100
9402
0400
9E01
07FF
C200
CA00
C000
61A0
C800
9403
0091
101A
A000
00BC
101A
A000
0400
C200
0001
7400
000E
8400
61A0
7404
000D
8400
CA00
0002
7000
8400
0002
7400
6DA0
000E
7000
7400
0004
8400
000E
7000
7401
0003
8400
000E
7000
7402
0002
8400
000E
7000
7403
0001
8400
000D
7000
A000
00BC
101A
A000
0003
7400
C200
04DB
141A
C200
0001
7400
C200
0002
7400
C200
0003
7400
C200
0004
7400
C200
65E0
C400
0805
2600
0002
8400
CC00
65E0
0001
8400
0039
1012
A000
CC00
0001
7000
88FE
0001
7000
74FE
C200
0400
C200
CA00
C800
C400
6980
6A20
9805
3100
CC00
9807
0400
9E06
0400
2100
CC00
9801
9E01
07FF
C200
CA00
C000
61A0
C800
9403
0102
101A
A000
0297
101A
A000
0409
C200
0520
141A
C200
0001
7400
C200
0002
7400
C200
0003
7400
C200
0004
7400
C200
65E0
C400
0805
2600
0002
8400
CC00
65E0
0001
8400
005A
1002
A000
044E
C200
053E
141A
C200
0001
7400
C200
0002
7400
C200
0003
7400
C200
0004
7400
C200
65E0
C400
0806
2600
0002
8400
CC00
65E0
0001
8400
0263
1002
A000
046F
C200
055C
141A
C200
0001
7400
C200
0002
7400
C200
0003
7400
C200
0004
7400
C200
65E0
C400
0806
2600
0002
8400
CC00
65E0
0001
8400
0263
1002
A000
0474
C200
057A
141A
C200
0001
7400
C200
0002
7400
C200
0003
7400
C200
0004
7400
C200
65E0
C400
0806
2600
0002
8400
CC00
65E0
0001
8400
0263
1002
A000
0420
C200
0598
141A
C200
0001
7400
C200
0002
7400
C200
0003
7400
C200
0004
7400
C200
65E0
C400
0806
2600
0002
8400
CC00
65E0
0001
8400
0263
1002
A000
0466
C200
05B6
141A
C200
0001
7400
C200
0002
7400
C200
0003
7400
C200
0004
7400
C200
65E0
C400
0806
2600
0002
8400
CC00
65E0
0001
8400
0263
1002
A000
046F
C200
05D4
141A
C200
0001
7400
C200
0002
7400
C200
0003
7400
C200
0004
7400
C200
65E0
C400
0806
2600
0002
8400
CC00
65E0
0001
8400
0263
1002
A000
0475
C200
05F2
141A
C200
0001
7400
C200
0002
7400
C200
0003
7400
C200
0004
7400
C200
65E0
C400
0806
2600
0002
8400
CC00
65E0
0001
8400
0263
1002
A000
046E
C200
0610
141A
C200
0001
7400
C200
0002
7400
C200
0003
7400
C200
0004
7400
C200
65E0
C400
0806
2600
0002
8400
CC00
65E0
0001
8400
0263
1002
A000
0464
C200
062E
141A
C200
0001
7400
C200
0002
7400
C200
0003
7400
C200
0004
7400
C200
65E0
C400
0806
2600
0002
8400
CC00
65E0
0001
8400
0263
1002
A000
064A
141A
C200
0001
7400
C200
0002
7400
C200
0003
7400
C200
0004
7400
C200
65E0
C400
0805
2600
0002
8400
CC00
65E0
0001
8400
0068
1003
A000
CA00
0005
8400
0669
141A
C200
0001
7400
C200
0002
7400
C200
0003
7400
C200
0004
7400
C200
65E0
C400
0804
2600
0002
8400
CC00
65E0
0001
8400
0311
1003
A000
CA00
0005
8400
0400
C200
0001
7400
000E
8400
61A0
7404
000D
8400
CA00
0002
7000
8400
0002
7400
6DA0
000E
7000
7400
0004
8400
000E
7000
7401
0003
8400
000E
7000
7402
0002
8400
000E
7000
7403
0001
8400
000D
7000
A000
0297
101A
A000
0001
7000
74FE
C200
040D
C200
06B9
141A
C200
0001
7400
C200
0002
7400
C200
0003
7400
C200
0004
7400
C200
65E0
C400
0806
2600
0002
8400
CC00
65E0
0001
8400
0039
1006
A000
CC00
0001
7000
88FD
0001
7000
74FD
C200
0400
C200
CA00
C800
3100
9402
0400
9E01
07FF
C200
CA00
C000
61A0
C800
9403
02D6
101A
A000
0301
101A
A000
0400
C200
0001
7400
000E
8400
61A0
7404
000D
8400
CA00
0002
7000
8400
0002
7400
6DA0
000E
7000
7400
0004
8400
000E
7000
7401
0003
8400
000E
7000
7402
0002
8400
000E
7000
7403
0001
8400
000D
7000
A000
0301
101A
A000
0001
7000
74FE
C200
040C
C200
0723
141A
C200
0001
7400
C200
0002
7400
C200
0003
7400
C200
0004
7400
C200
65E0
C400
0806
2600
0002
8400
CC00
65E0
0001
8400
0039
1006
A000
CC00
0001
7000
88FC
0400
C200
CC00
0001
7000
88FB
0749
141A
C200
0001
7400
C200
0002
7400
C200
0003
7400
C200
0004
7400
C200
65E0
C400
0804
2600
0002
8400
CC00
65E0
0001
8400
019B
1007
A000
CC00
0001
7000
88FA
0001
7000
74FC
C200
0400
C200
CA00
C800
C400
6980
6A20
9805
3100
CC00
9206
0400
9E05
0400
2100
CC00
9801
07FF
C200
0001
7000
74FC
C200
0500
C200
CA00
C800
C400
6980
6A20
9805
3100
CC00
9807
0400
9E06
0400
2100
CC00
9801
9E01
07FF
C200
CA00
C800
4400
C200
0001
7000
74FB
C200
0001
7000
74FD
C200
CA00
C800
C400
6980
6A20
9805
3100
CC00
9807
0400
9E06
0400
2100
CC00
9801
9E01
07FF
C200
CA00
C800
4400
C200
CA00
6400
C200
CA00
C000
61A0
C800
9403
0161
101B
A000
0001
7000
74FC
C200
0001
7000
74FA
C200
07CD
141A
C200
0001
7400
C200
0002
7400
C200
0003
7400
C200
0004
7400
C200
65E0
C400
0806
2600
0002
8400
CC00
65E0
0001
8400
0304
1004
A000
CA00
0005
8400
0400
C200
CC00
0001
7000
88F9
0001
7000
74F9
C200
0480
C200
CA00
C800
C400
6980
6A20
9805
3100
CC00
9807
0400
9E06
0400
2100
CC00
9801
9E01
07FF
C200
0001
7000
74FB
C200
0001
7000
74FD
C200
CA00
C800
C400
6980
6A20
9805
3100
CC00
9807
0400
9E06
0400
2100
CC00
9801
9E01
07FF
C200
CA00
C800
4400
C200
CA00
6400
C200
CA00
C000
61A0
C800
9403
00EC
101B
A000
0001
7000
74FA
C200
0001
7000
74F9
C200
CA00
C800
2400
C200
CA00
0004
8400
0004
7000
7400
C200
CC00
0001
7000
88F8
0001
7000
74F8
C200
040A
C200
CA00
C800
3100
9402
0400
9E01
07FF
C200
CA00
C000
61A0
C800
9403
0047
101B
A000
0069
101B
A000
0463
141B
C200
0001
7400
C200
0002
7400
C200
0003
7400
C200
0004
7400
C200
65E0
C400
0804
2600
0002
8400
CC00
65E0
0001
8400
0311
1003
A000
CA00
0005
8400
00CD
101B
A000
0001
7000
74F8
C200
041F
C200
CA00
C800
C400
6980
6A20
9805
3100
CC00
9206
0400
9E05
0400
2100
CC00
9801
07FF
C200
0001
7000
74F8
C200
047F
C200
CA00
C800
C400
6980
6A20
9805
3100
CC00
9807
0400
9E06
0400
2100
CC00
9801
9E01
07FF
C200
CA00
C800
4400
C200
CA00
C000
61A0
C800
9403
00A7
101B
A000
00CD
101B
A000
0001
7000
74F8
C200
04C7
141B
C200
0001
7400
C200
0002
7400
C200
0003
7400
C200
0004
7400
C200
65E0
C400
0805
2600
0002
8400
CC00
65E0
0001
8400
03C7
1002
A000
CA00
0005
8400
00CD
101B
A000
0001
7000
74FB
C200
0401
C200
CA00
C800
2400
C200
CC00
0001
7000
88FB
0001
7000
74F9
C200
0401
C200
CA00
C800
2400
C200
CC00
0001
7000
88F9
03D6
101A
A000
0001
7000
74FC
C200
050C
141B
C200
0001
7400
C200
0002
7400
C200
0003
7400
C200
0004
7400
C200
65E0
C400
0805
2600
0002
8400
CC00
65E0
0001
8400
0344
1005
A000
CC00
0001
7000
88F7
0001
7000
74F7
C200
07FF
C200
CA00
C800
3100
9402
0400
9E01
07FF
C200
0001
7000
74F7
C200
0400
C200
CA00
C800
3100
9402
0400
9E01
07FF
C200
CA00
C800
5400
C200
0001
7000
74F7
C200
07FE
C200
CA00
C800
3100
9402
0400
9E01
07FF
C200
CA00
C800
5400
C200
CA00
C000
61A0
C800
9403
014D
101B
A000
0156
101B
A000
0400
C200
CC00
0001
7000
88FC
015E
101B
A000
0001
7000
74F7
C200
CC00
0001
7000
88FC
034D
101A
A000
057D
141B
C200
0001
7400
C200
0002
7400
C200
0003
7400
C200
0004
7400
C200
65E0
C400
0804
2600
0002
8400
CC00
65E0
0001
8400
0311
1003
A000
CA00
0005
8400
0400
C200
0001
7400
000E
8400
61A0
7404
000D
8400
CA00
0002
7000
8400
0002
7400
6DA0
000E
7000
7400
0004
8400
000E
7000
7401
0003
8400
000E
7000
7402
0002
8400
000E
7000
7403
0001
8400
000D
7000
A000
0400
C200
C200
0002
7000
7400
C200
CA00
0003
8400
0003
7400
C200
05D1
141B
C200
0001
7400
C200
0002
7400
C200
0003
7400
C200
0004
7400
C200
65E0
C400
0805
2600
0002
8400
CC00
65E0
0001
8400
0009
1013
A000
0400
C200
CA00
C800
3100
9402
0400
9E01
07FF
C200
CA00
C000
61A0
C800
9403
01E6
101B
A000
0211
101B
A000
0400
C200
0001
7400
000E
8400
61A0
7404
000D
8400
CA00
0002
7000
8400
0002
7400
6DA0
000E
7000
7400
0004
8400
000E
7000
7401
0003
8400
000E
7000
7402
0002
8400
000E
7000
7403
0001
8400
000D
7000
A000
0211
101B
A000
0003
7400
C200
0630
141B
C200
0001
7400
C200
0002
7400
C200
0003
7400
C200
0004
7400
C200
65E0
C400
0805
2600
0002
8400
CC00
65E0
0001
8400
02DE
1010
A000
CC00
0001
7000
88FF
0001
7000
74FF
C200
0003
7000
7401
C200
CA00
C800
C400
6980
6A20
9805
3100
CC00
9807
0400
9E06
0400
2100
CC00
9801
9E01
07FF
C200
CA00
6400
C200
CA00
C000
61A0
C800
9403
025C
101B
A000
0287
101B
A000
0400
C200
0001
7400
000E
8400
61A0
7404
000D
8400
CA00
0002
7000
8400
0002
7400
6DA0
000E
7000
7400
0004
8400
000E
7000
7401
0003
8400
000E
7000
7402
0002
8400
000E
7000
7403
0001
8400
000D
7000
A000
0287
101B
A000
0003
7400
C200
0001
7000
74FF
C200
06AA
141B
C200
0001
7400
C200
0002
7400
C200
0003
7400
C200
0004
7400
C200
65E0
C400
0806
2600
0002
8400
CC00
65E0
0001
8400
03CC
1010
A000
0400
C200
CA00
C800
3100
9402
0400
9E01
07FF
C200
CA00
C000
61A0
C800
9403
02BF
101B
A000
02EA
101B
A000
0400
C200
0001
7400
000E
8400
61A0
7404
000D
8400
CA00
0002
7000
8400
0002
7400
6DA0
000E
7000
7400
0004
8400
000E
7000
7401
0003
8400
000E
7000
7402
0002
8400
000E
7000
7403
0001
8400
000D
7000
A000
02EA
101B
A000
0003
7400
C200
0709
141B
C200
0001
7400
C200
0002
7400
C200
0003
7400
C200
0004
7400
C200
65E0
C400
0805
2600
0002
8400
CC00
65E0
0001
8400
0153
1012
A000
CC00
0001
7000
88FE
0001
7000
74FE
C200
07FE
C200
CA00
C800
3100
9402
0400
9E01
07FF
C200
CA00
C000
61A0
C800
9403
0326
101B
A000
001A
101C
A000
0406
C200
0744
141B
C200
0001
7400
C200
0002
7400
C200
0003
7400
C200
0004
7400
C200
65E0
C400
0805
2600
0002
8400
CC00
65E0
0001
8400
005A
1002
A000
0445
C200
0762
141B
C200
0001
7400
C200
0002
7400
C200
0003
7400
C200
0004
7400
C200
65E0
C400
0806
2600
0002
8400
CC00
65E0
0001
8400
0263
1002
A000
0478
C200
0780
141B
C200
0001
7400
C200
0002
7400
C200
0003
7400
C200
0004
7400
C200
65E0
C400
0806
2600
0002
8400
CC00
65E0
0001
8400
0263
1002
A000
0469
C200
079E
141B
C200
0001
7400
C200
0002
7400
C200
0003
7400
C200
0004
7400
C200
65E0
C400
0806
2600
0002
8400
CC00
65E0
0001
8400
0263
1002
A000
0473
C200
07BC
141B
C200
0001
7400
C200
0002
7400
C200
0003
7400
C200
0004
7400
C200
65E0
C400
0806
2600
0002
8400
CC00
65E0
0001
8400
0263
1002
A000
0474
C200
07DA
141B
C200
0001
7400
C200
0002
7400
C200
0003
7400
C200
0004
7400
C200
65E0
C400
0806
2600
0002
8400
CC00
65E0
0001
8400
0263
1002
A000
0473
C200
07F8
141B
C200
0001
7400
C200
0002
7400
C200
0003
7400
C200
0004
7400
C200
65E0
C400
0806
2600
0002
8400
CC00
65E0
0001
8400
0263
1002
A000
0414
141C
C200
0001
7400
C200
0002
7400
C200
0003
7400
C200
0004
7400
C200
65E0
C400
0805
2600
0002
8400
CC00
65E0
0001
8400
0068
1003
A000
CA00
0005
8400
01DC
101C
A000
0001
7000
74FE
C200
07FF
C200
CA00
C800
3100
9402
0400
9E01
07FF
C200
CA00
C000
61A0
C800
9403
0033
101C
A000
0163
101C
A000
0408
C200
0451
141C
C200
0001
7400
C200
0002
7400
C200
0003
7400
C200
0004
7400
C200
65E0
C400
0805
2600
0002
8400
CC00
65E0
0001
8400
005A
1002
A000
0444
C200
046F
141C
C200
0001
7400
C200
0002
7400
C200
0003
7400
C200
0004
7400
C200
65E0
C400
0806
2600
0002
8400
CC00
65E0
0001
8400
0263
1002
A000
0469
C200
048D
141C
C200
0001
7400
C200
0002
7400
C200
0003
7400
C200
0004
7400
C200
65E0
C400
0806
2600
0002
8400
CC00
65E0
0001
8400
0263
1002
A000
0472
C200
04AB
141C
C200
0001
7400
C200
0002
7400
C200
0003
7400
C200
0004
7400
C200
65E0
C400
0806
2600
0002
8400
CC00
65E0
0001
8400
0263
1002
A000
0420
C200
04C9
141C
C200
0001
7400
C200
0002
7400
C200
0003
7400
C200
0004
7400
C200
65E0
C400
0806
2600
0002
8400
CC00
65E0
0001
8400
0263
1002
A000
0466
C200
04E7
141C
C200
0001
7400
C200
0002
7400
C200
0003
7400
C200
0004
7400
C200
65E0
C400
0806
2600
0002
8400
CC00
65E0
0001
8400
0263
1002
A000
0475
C200
0505
141C
C200
0001
7400
C200
0002
7400
C200
0003
7400
C200
0004
7400
C200
65E0
C400
0806
2600
0002
8400
CC00
65E0
0001
8400
0263
1002
A000
046C
C200
0523
141C
C200
0001
7400
C200
0002
7400
C200
0003
7400
C200
0004
7400
C200
65E0
C400
0806
2600
0002
8400
CC00
65E0
0001
8400
0263
1002
A000
046C
C200
0541
141C
C200
0001
7400
C200
0002
7400
C200
0003
7400
C200
0004
7400
C200
65E0
C400
0806
2600
0002
8400
CC00
65E0
0001
8400
0263
1002
A000
055D
141C
C200
0001
7400
C200
0002
7400
C200
0003
7400
C200
0004
7400
C200
65E0
C400
0805
2600
0002
8400
CC00
65E0
0001
8400
0068
1003
A000
CA00
0005
8400
01DC
101C
A000
0402
C200
0581
141C
C200
0001
7400
C200
0002
7400
C200
0003
7400
C200
0004
7400
C200
65E0
C400
0805
2600
0002
8400
CC00
65E0
0001
8400
005A
1002
A000
044F
C200
059F
141C
C200
0001
7400
C200
0002
7400
C200
0003
7400
C200
0004
7400
C200
65E0
C400
0806
2600
0002
8400
CC00
65E0
0001
8400
0263
1002
A000
044B
C200
05BD
141C
C200
0001
7400
C200
0002
7400
C200
0003
7400
C200
0004
7400
C200
65E0
C400
0806
2600
0002
8400
CC00
65E0
0001
8400
0263
1002
A000
05D9
141C
C200
0001
7400
C200
0002
7400
C200
0003
7400
C200
0004
7400
C200
65E0
C400
0805
2600
0002
8400
CC00
65E0
0001
8400
0068
1003
A000
CA00
0005
8400
05F8
141C
C200
0001
7400
C200
0002
7400
C200
0003
7400
C200
0004
7400
C200
65E0
C400
0804
2600
0002
8400
CC00
65E0
0001
8400
0311
1003
A000
CA00
0005
8400
0400
C200
0001
7400
000E
8400
61A0
7404
000D
8400
CA00
0002
7000
8400
0002
7400
6DA0
000E
7000
7400
0004
8400
000E
7000
7401
0003
8400
000E
7000
7402
0002
8400
000E
7000
7403
0001
8400
000D
7000
A000
0400
C200
C200
C200
C200
0002
7000
7400
C200
CA00
0003
8400
0003
7400
C200
064E
141C
C200
0001
7400
C200
0002
7400
C200
0003
7400
C200
0004
7400
C200
65E0
C400
0805
2600
0002
8400
CC00
65E0
0001
8400
0009
1013
A000
0400
C200
CA00
C800
3100
9402
0400
9E01
07FF
C200
CA00
C000
61A0
C800
9403
0263
101C
A000
028E
101C
A000
0400
C200
0001
7400
000E
8400
61A0
7404
000D
8400
CA00
0002
7000
8400
0002
7400
6DA0
000E
7000
7400
0004
8400
000E
7000
7401
0003
8400
000E
7000
7402
0002
8400
000E
7000
7403
0001
8400
000D
7000
A000
028E
101C
A000
0003
7400
C200
06AD
141C
C200
0001
7400
C200
0002
7400
C200
0003
7400
C200
0004
7400
C200
65E0
C400
0805
2600
0002
8400
CC00
65E0
0001
8400
02DE
1010
A000
CC00
0001
7000
88FF
0001
7000
74FF
C200
0003
7000
7401
C200
CA00
C800
C400
6980
6A20
9805
3100
CC00
9807
0400
9E06
0400
2100
CC00
9801
9E01
07FF
C200
CA00
6400
C200
CA00
C000
61A0
C800
9403
02D9
101C
A000
0304
101C
A000
0400
C200
0001
7400
000E
8400
61A0
7404
000D
8400
CA00
0002
7000
8400
0002
7400
6DA0
000E
7000
7400
0004
8400
000E
7000
7401
0003
8400
000E
7000
7402
0002
8400
000E
7000
7403
0001
8400
000D
7000
A000
0304
101C
A000
0003
7400
C200
0001
7000
74FF
C200
0727
141C
C200
0001
7400
C200
0002
7400
C200
0003
7400
C200
0004
7400
C200
65E0
C400
0806
2600
0002
8400
CC00
65E0
0001
8400
03CC
1010
A000
0400
C200
CA00
C800
3100
9402
0400
9E01
07FF
C200
CA00
C000
61A0
C800
9403
033C
101C
A000
0367
101C
A000
0400
C200
0001
7400
000E
8400
61A0
7404
000D
8400
CA00
0002
7000
8400
0002
7400
6DA0
000E
7000
7400
0004
8400
000E
7000
7401
0003
8400
000E
7000
7402
0002
8400
000E
7000
7403
0001
8400
000D
7000
A000
0367
101C
A000
0003
7400
C200
0786
141C
C200
0001
7400
C200
0002
7400
C200
0003
7400
C200
0004
7400
C200
65E0
C400
0805
2600
0002
8400
CC00
65E0
0001
8400
0039
1012
A000
CC00
0001
7000
88FE
0001
7000
74FE
C200
0400
C200
CA00
C800
C400
6980
6A20
9805
3100
CC00
9807
0400
9E06
0400
2100
CC00
9801
9E01
07FF
C200
CA00
C000
61A0
C800
9403
03AD
101C
A000
0021
101D
A000
0003
7400
C200
07CC
141C
C200
0001
7400
C200
0002
7400
C200
0003
7400
C200
0004
7400
C200
65E0
C400
0805
2600
0002
8400
CC00
65E0
0001
8400
0153
1012
A000
CC00
0001
7000
88FE
0001
7000
74FE
C200
0400
C200
CA00
C800
C400
6980
6A20
9805
3100
CC00
9807
0400
9E06
0400
2100
CC00
9801
9E01
07FF
C200
CA00
C000
61A0
C800
9403
03F3
101C
A000
001E
101D
A000
0400
C200
0001
7400
000E
8400
61A0
7404
000D
8400
CA00
0002
7000
8400
0002
7400
6DA0
000E
7000
7400
0004
8400
000E
7000
7401
0003
8400
000E
7000
7402
0002
8400
000E
7000
7403
0001
8400
000D
7000
A000
001E
101D
A000
0021
101D
A000
0408
C200
043F
141D
C200
0001
7400
C200
0002
7400
C200
0003
7400
C200
0004
7400
C200
65E0
C400
0805
2600
0002
8400
CC00
65E0
0001
8400
005A
1002
A000
042E
C200
045D
141D
C200
0001
7400
C200
0002
7400
C200
0003
7400
C200
0004
7400
C200
65E0
C400
0806
2600
0002
8400
CC00
65E0
0001
8400
0263
1002
A000
0420
C200
047B
141D
C200
0001
7400
C200
0002
7400
C200
0003
7400
C200
0004
7400
C200
65E0
C400
0806
2600
0002
8400
CC00
65E0
0001
8400
0263
1002
A000
0474
C200
0499
141D
C200
0001
7400
C200
0002
7400
C200
0003
7400
C200
0004
7400
C200
65E0
C400
0806
2600
0002
8400
CC00
65E0
0001
8400
0263
1002
A000
046F
C200
04B7
141D
C200
0001
7400
C200
0002
7400
C200
0003
7400
C200
0004
7400
C200
65E0
C400
0806
2600
0002
8400
CC00
65E0
0001
8400
0263
1002
A000
0420
C200
04D5
141D
C200
0001
7400
C200
0002
7400
C200
0003
7400
C200
0004
7400
C200
65E0
C400
0806
2600
0002
8400
CC00
65E0
0001
8400
0263
1002
A000
0465
C200
04F3
141D
C200
0001
7400
C200
0002
7400
C200
0003
7400
C200
0004
7400
C200
65E0
C400
0806
2600
0002
8400
CC00
65E0
0001
8400
0263
1002
A000
046E
C200
0511
141D
C200
0001
7400
C200
0002
7400
C200
0003
7400
C200
0004
7400
C200
65E0
C400
0806
2600
0002
8400
CC00
65E0
0001
8400
0263
1002
A000
0464
C200
052F
141D
C200
0001
7400
C200
0002
7400
C200
0003
7400
C200
0004
7400
C200
65E0
C400
0806
2600
0002
8400
CC00
65E0
0001
8400
0263
1002
A000
054B
141D
C200
0001
7400
C200
0002
7400
C200
0003
7400
C200
0004
7400
C200
65E0
C400
0805
2600
0002
8400
CC00
65E0
0001
8400
0068
1003
A000
CA00
0005
8400
056A
141D
C200
0001
7400
C200
0002
7400
C200
0003
7400
C200
0004
7400
C200
65E0
C400
0804
2600
0002
8400
CC00
65E0
0001
8400
0311
1003
A000
CA00
0005
8400
0400
C200
CC00
0001
7000
88FD
0003
7400
C200
0592
141D
C200
0001
7400
C200
0002
7400
C200
0003
7400
C200
0004
7400
C200
65E0
C400
0805
2600
0002
8400
CC00
65E0
0001
8400
0036
1010
A000
CA00
0005
8400
0003
7000
7401
C200
0401
C200
CA00
C800
3100
9402
0400
9E01
07FF
C200
0003
7000
7400
C200
0400
C200
CA00
C800
69A0
9803
74FF
3600
9203
0125
1025
A000
2200
7400
C200
042E
C200
CA00
C800
3100
9402
0400
9E01
07FF
C200
CA00
C800
4400
C200
CA00
C000
61A0
C800
9403
01CF
101D
A000
01D5
101D
A000
02B9
101D
A000
01D5
101D
A000
0001
7000
74FD
C200
0003
7000
7401
C200
CA00
C800
2400
C200
0401
C200
CA00
C800
2400
C200
05F4
C200
CA00
C800
C400
6980
6A20
9805
3100
CC00
9206
0400
9E05
0400
2100
CC00
9801
07FF
C200
CA00
C000
61A0
C800
9403
0205
101D
A000
020B
101D
A000
02B9
101D
A000
020B
101D
A000
0400
C200
CC00
0001
7000
88FC
0001
7000
74FC
C200
0003
7000
7401
C200
CA00
C800
C400
6980
6A20
9805
3100
CC00
9807
0400
9E06
0400
2100
CC00
9801
9E01
07FF
C200
CA00
6400
C200
CA00
C000
61A0
C800
9403
0288
101D
A000
0003
7000
7404
C200
0001
7000
74FD
C200
CA00
C800
2400
C200
0003
7000
7400
C200
0001
7000
74FC
C200
CA00
C800
69A0
9803
74FF
3600
9203
0125
1025
A000
2200
7400
C200
CA00
0005
8400
CA00
0004
8400
0005
7400
C200
CC00
0004
7000
8800
0400
C200
CA00
0005
8400
0001
7000
74FD
C200
0401
C200
CA00
C800
2400
C200
CC00
0001
7000
88FD
0001
7000
74FC
C200
0401
C200
CA00
C800
2400
C200
CC00
0001
7000
88FC
0211
101D
A000
0003
7000
7404
C200
0001
7000
74FD
C200
CA00
C800
2400
C200
040A
C200
CA00
0005
8400
CA00
0004
8400
0005
7400
C200
CC00
0004
7000
8800
0400
C200
CA00
0005
8400
0001
7000
74FD
C200
0401
C200
CA00
C800
2400
C200
CC00
0001
7000
88FD
0173
101D
A000
0001
7000
74FE
C200
0003
7000
7404
C200
0001
7000
74FD
C200
06E1
141D
C200
0001
7400
C200
0002
7400
C200
0003
7400
C200
0004
7400
C200
65E0
C400
0807
2600
0002
8400
CC00
65E0
0001
8400
00ED
100B
A000
CA00
0005
8400
0406
C200
0702
141D
C200
0001
7400
C200
0002
7400
C200
0003
7400
C200
0004
7400
C200
65E0
C400
0805
2600
0002
8400
CC00
65E0
0001
8400
005A
1002
A000
0453
C200
0720
141D
C200
0001
7400
C200
0002
7400
C200
0003
7400
C200
0004
7400
C200
65E0
C400
0806
2600
0002
8400
CC00
65E0
0001
8400
0263
1002
A000
0461
C200
073E
141D
C200
0001
7400
C200
0002
7400
C200
0003
7400
C200
0004
7400
C200
65E0
C400
0806
2600
0002
8400
CC00
65E0
0001
8400
0263
1002
A000
0476
C200
075C
141D
C200
0001
7400
C200
0002
7400
C200
0003
7400
C200
0004
7400
C200
65E0
C400
0806
2600
0002
8400
CC00
65E0
0001
8400
0263
1002
A000
0465
C200
077A
141D
C200
0001
7400
C200
0002
7400
C200
0003
7400
C200
0004
7400
C200
65E0
C400
0806
2600
0002
8400
CC00
65E0
0001
8400
0263
1002
A000
0464
C200
0798
141D
C200
0001
7400
C200
0002
7400
C200
0003
7400
C200
0004
7400
C200
65E0
C400
0806
2600
0002
8400
CC00
65E0
0001
8400
0263
1002
A000
0420
C200
07B6
141D
C200
0001
7400
C200
0002
7400
C200
0003
7400
C200
0004
7400
C200
65E0
C400
0806
2600
0002
8400
CC00
65E0
0001
8400
0263
1002
A000
07D2
141D
C200
0001
7400
C200
0002
7400
C200
0003
7400
C200
0004
7400
C200
65E0
C400
0805
2600
0002
8400
CC00
65E0
0001
8400
0068
1003
A000
CA00
0005
8400
0001
7000
74FD
C200
07F5
141D
C200
0001
7400
C200
0002
7400
C200
0003
7400
C200
0004
7400
C200
65E0
C400
0805
2600
0002
8400
CC00
65E0
0001
8400
0136
1003
A000
CA00
0005
8400
0414
141E
C200
0001
7400
C200
0002
7400
C200
0003
7400
C200
0004
7400
C200
65E0
C400
0804
2600
0002
8400
CC00
65E0
0001
8400
0311
1003
A000
CA00
0005
8400
0400
C200
0001
7400
000E
8400
61A0
7404
000D
8400
CA00
0002
7000
8400
0002
7400
6DA0
000E
7000
7400
0004
8400
000E
7000
7401
0003
8400
000E
7000
7402
0002
8400
000E
7000
7403
0001
8400
000D
7000
A000
0400
C200
C200
C200
0002
7000
7400
C200
CA00
0003
8400
0003
7400
C200
0469
141E
C200
0001
7400
C200
0002
7400
C200
0003
7400
C200
0004
7400
C200
65E0
C400
0805
2600
0002
8400
CC00
65E0
0001
8400
0009
1013
A000
0400
C200
CA00
C800
3100
9402
0400
9E01
07FF
C200
CA00
C000
61A0
C800
9403
007E
101E
A000
00A9
101E
A000
0400
C200
0001
7400
000E
8400
61A0
7404
000D
8400
CA00
0002
7000
8400
0002
7400
6DA0
000E
7000
7400
0004
8400
000E
7000
7401
0003
8400
000E
7000
7402
0002
8400
000E
7000
7403
0001
8400
000D
7000
A000
00A9
101E
A000
0003
7400
C200
04C8
141E
C200
0001
7400
C200
0002
7400
C200
0003
7400
C200
0004
7400
C200
65E0
C400
0805
2600
0002
8400
CC00
65E0
0001
8400
02DE
1010
A000
CC00
0001
7000
88FF
0001
7000
74FF
C200
0003
7000
7401
C200
CA00
C800
C400
6980
6A20
9805
3100
CC00
9807
0400
9E06
0400
2100
CC00
9801
9E01
07FF
C200
CA00
6400
C200
CA00
C000
61A0
C800
9403
00F4
101E
A000
011F
101E
A000
0400
C200
0001
7400
000E
8400
61A0
7404
000D
8400
CA00
0002
7000
8400
0002
7400
6DA0
000E
7000
7400
0004
8400
000E
7000
7401
0003
8400
000E
7000
7402
0002
8400
000E
7000
7403
0001
8400
000D
7000
A000
011F
101E
A000
0003
7400
C200
0001
7000
74FF
C200
0542
141E
C200
0001
7400
C200
0002
7400
C200
0003
7400
C200
0004
7400
C200
65E0
C400
0806
2600
0002
8400
CC00
65E0
0001
8400
03CC
1010
A000
0400
C200
CA00
C800
3100
9402
0400
9E01
07FF
C200
CA00
C000
61A0
C800
9403
0157
101E
A000
0182
101E
A000
0400
C200
0001
7400
000E
8400
61A0
7404
000D
8400
CA00
0002
7000
8400
0002
7400
6DA0
000E
7000
7400
0004
8400
000E
7000
7401
0003
8400
000E
7000
7402
0002
8400
000E
7000
7403
0001
8400
000D
7000
A000
0182
101E
A000
0003
7400
C200
05A1
141E
C200
0001
7400
C200
0002
7400
C200
0003
7400
C200
0004
7400
C200
65E0
C400
0805
2600
0002
8400
CC00
65E0
0001
8400
0039
1012
A000
CC00
0001
7000
88FE
0001
7000
74FE
C200
0400
C200
CA00
C800
C400
6980
6A20
9805
3100
CC00
9807
0400
9E06
0400
2100
CC00
9801
9E01
07FF
C200
CA00
C000
61A0
C800
9403
01C8
101E
A000
035D
101E
A000
0409
C200
05E6
141E
C200
0001
7400
C200
0002
7400
C200
0003
7400
C200
0004
7400
C200
65E0
C400
0805
2600
0002
8400
CC00
65E0
0001
8400
005A
1002
A000
044E
C200
0604
141E
C200
0001
7400
C200
0002
7400
C200
0003
7400
C200
0004
7400
C200
65E0
C400
0806
2600
0002
8400
CC00
65E0
0001
8400
0263
1002
A000
046F
C200
0622
141E
C200
0001
7400
C200
0002
7400
C200
0003
7400
C200
0004
7400
C200
65E0
C400
0806
2600
0002
8400
CC00
65E0
0001
8400
0263
1002
A000
0474
C200
0640
141E
C200
0001
7400
C200
0002
7400
C200
0003
7400
C200
0004
7400
C200
65E0
C400
0806
2600
0002
8400
CC00
65E0
0001
8400
0263
1002
A000
0420
C200
065E
141E
C200
0001
7400
C200
0002
7400
C200
0003
7400
C200
0004
7400
C200
65E0
C400
0806
2600
0002
8400
CC00
65E0
0001
8400
0263
1002
A000
0466
C200
067C
141E
C200
0001
7400
C200
0002
7400
C200
0003
7400
C200
0004
7400
C200
65E0
C400
0806
2600
0002
8400
CC00
65E0
0001
8400
0263
1002
A000
046F
C200
069A
141E
C200
0001
7400
C200
0002
7400
C200
0003
7400
C200
0004
7400
C200
65E0
C400
0806
2600
0002
8400
CC00
65E0
0001
8400
0263
1002
A000
0475
C200
06B8
141E
C200
0001
7400
C200
0002
7400
C200
0003
7400
C200
0004
7400
C200
65E0
C400
0806
2600
0002
8400
CC00
65E0
0001
8400
0263
1002
A000
046E
C200
06D6
141E
C200
0001
7400
C200
0002
7400
C200
0003
7400
C200
0004
7400
C200
65E0
C400
0806
2600
0002
8400
CC00
65E0
0001
8400
0263
1002
A000
0464
C200
06F4
141E
C200
0001
7400
C200
0002
7400
C200
0003
7400
C200
0004
7400
C200
65E0
C400
0806
2600
0002
8400
CC00
65E0
0001
8400
0263
1002
A000
0710
141E
C200
0001
7400
C200
0002
7400
C200
0003
7400
C200
0004
7400
C200
65E0
C400
0805
2600
0002
8400
CC00
65E0
0001
8400
0068
1003
A000
CA00
0005
8400
072F
141E
C200
0001
7400
C200
0002
7400
C200
0003
7400
C200
0004
7400
C200
65E0
C400
0804
2600
0002
8400
CC00
65E0
0001
8400
0311
1003
A000
CA00
0005
8400
0400
C200
0001
7400
000E
8400
61A0
7404
000D
8400
CA00
0002
7000
8400
0002
7400
6DA0
000E
7000
7400
0004
8400
000E
7000
7401
0003
8400
000E
7000
7402
0002
8400
000E
7000
7403
0001
8400
000D
7000
A000
035D
101E
A000
0405
C200
077B
141E
C200
0001
7400
C200
0002
7400
C200
0003
7400
C200
0004
7400
C200
65E0
C400
0805
2600
0002
8400
CC00
65E0
0001
8400
005A
1002
A000
0459
C200
0799
141E
C200
0001
7400
C200
0002
7400
C200
0003
7400
C200
0004
7400
C200
65E0
C400
0806
2600
0002
8400
CC00
65E0
0001
8400
0263
1002
A000
042F
C200
07B7
141E
C200
0001
7400
C200
0002
7400
C200
0003
7400
C200
0004
7400
C200
65E0
C400
0806
2600
0002
8400
CC00
65E0
0001
8400
0263
1002
A000
044E
C200
07D5
141E
C200
0001
7400
C200
0002
7400
C200
0003
7400
C200
0004
7400
C200
65E0
C400
0806
2600
0002
8400
CC00
65E0
0001
8400
0263
1002
A000
043F
C200
07F3
141E
C200
0001
7400
C200
0002
7400
C200
0003
7400
C200
0004
7400
C200
65E0
C400
0806
2600
0002
8400
CC00
65E0
0001
8400
0263
1002
A000
0420
C200
0411
141F
C200
0001
7400
C200
0002
7400
C200
0003
7400
C200
0004
7400
C200
65E0
C400
0806
2600
0002
8400
CC00
65E0
0001
8400
0263
1002
A000
042D
141F
C200
0001
7400
C200
0002
7400
C200
0003
7400
C200
0004
7400
C200
65E0
C400
0805
2600
0002
8400
CC00
65E0
0001
8400
0068
1003
A000
CA00
0005
8400
044C
141F
C200
0001
7400
C200
0002
7400
C200
0003
7400
C200
0004
7400
C200
65E0
C400
0804
2600
0002
8400
CC00
65E0
0001
8400
018F
1004
A000
CC00
0001
7000
88FD
0001
7000
74FD
C200
0470
141F
C200
0001
7400
C200
0002
7400
C200
0003
7400
C200
0004
7400
C200
65E0
C400
0805
2600
0002
8400
CC00
65E0
0001
8400
03C7
1002
A000
CA00
0005
8400
048F
141F
C200
0001
7400
C200
0002
7400
C200
0003
7400
C200
0004
7400
C200
65E0
C400
0804
2600
0002
8400
CC00
65E0
0001
8400
0311
1003
A000
CA00
0005
8400
0001
7000
74FD
C200
0459
C200
CA00
C800
3100
9402
0400
9E01
07FF
C200
0001
7000
74FD
C200
0479
C200
CA00
C800
3100
9402
0400
9E01
07FF
C200
CA00
C800
5400
C200
CA00
C000
61A0
C800
9403
00BD
101F
A000
017B
101F
A000
0001
7000
74FE
C200
04DD
141F
C200
0001
7400
C200
0002
7400
C200
0003
7400
C200
0004
7400
C200
65E0
C400
0805
2600
0002
8400
CC00
65E0
0001
8400
03F0
100A
A000
CA00
0005
8400
0402
C200
04FE
141F
C200
0001
7400
C200
0002
7400
C200
0003
7400
C200
0004
7400
C200
65E0
C400
0805
2600
0002
8400
CC00
65E0
0001
8400
005A
1002
A000
044F
C200
051C
141F
C200
0001
7400
C200
0002
7400
C200
0003
7400
C200
0004
7400
C200
65E0
C400
0806
2600
0002
8400
CC00
65E0
0001
8400
0263
1002
A000
044B
C200
053A
141F
C200
0001
7400
C200
0002
7400
C200
0003
7400
C200
0004
7400
C200
65E0
C400
0806
2600
0002
8400
CC00
65E0
0001
8400
0263
1002
A000
0556
141F
C200
0001
7400
C200
0002
7400
C200
0003
7400
C200
0004
7400
C200
65E0
C400
0805
2600
0002
8400
CC00
65E0
0001
8400
0068
1003
A000
CA00
0005
8400
0575
141F
C200
0001
7400
C200
0002
7400
C200
0003
7400
C200
0004
7400
C200
65E0
C400
0804
2600
0002
8400
CC00
65E0
0001
8400
0311
1003
A000
CA00
0005
8400
017B
101F
A000
0400
C200
0001
7400
000E
8400
61A0
7404
000D
8400
CA00
0002
7000
8400
0002
7400
6DA0
000E
7000
7400
0004
8400
000E
7000
7401
0003
8400
000E
7000
7402
0002
8400
000E
7000
7403
0001
8400
000D
7000
A000
0400
C200
0002
7000
7400
C200
CA00
0003
8400
0410
C200
05CA
141F
C200
0001
7400
C200
0002
7400
C200
0003
7400
C200
0004
7400
C200
65E0
C400
0805
2600
0002
8400
CC00
65E0
0001
8400
005A
1002
A000
0445
C200
05E8
141F
C200
0001
7400
C200
0002
7400
C200
0003
7400
C200
0004
7400
C200
65E0
C400
0806
2600
0002
8400
CC00
65E0
0001
8400
0263
1002
A000
0472
C200
0606
141F
C200
0001
7400
C200
0002
7400
C200
0003
7400
C200
0004
7400
C200
65E0
C400
0806
2600
0002
8400
CC00
65E0
0001
8400
0263
1002
A000
0461
C200
0624
141F
C200
0001
7400
C200
0002
7400
C200
0003
7400
C200
0004
7400
C200
65E0
C400
0806
2600
0002
8400
CC00
65E0
0001
8400
0263
1002
A000
0473
C200
0642
141F
C200
0001
7400
C200
0002
7400
C200
0003
7400
C200
0004
7400
C200
65E0
C400
0806
2600
0002
8400
CC00
65E0
0001
8400
0263
1002
A000
0465
C200
0660
141F
C200
0001
7400
C200
0002
7400
C200
0003
7400
C200
0004
7400
C200
65E0
C400
0806
2600
0002
8400
CC00
65E0
0001
8400
0263
1002
A000
0420
C200
067E
141F
C200
0001
7400
C200
0002
7400
C200
0003
7400
C200
0004
7400
C200
65E0
C400
0806
2600
0002
8400
CC00
65E0
0001
8400
0263
1002
A000
0464
C200
069C
141F
C200
0001
7400
C200
0002
7400
C200
0003
7400
C200
0004
7400
C200
65E0
C400
0806
2600
0002
8400
CC00
65E0
0001
8400
0263
1002
A000
0469
C200
06BA
141F
C200
0001
7400
C200
0002
7400
C200
0003
7400
C200
0004
7400
C200
65E0
C400
0806
2600
0002
8400
CC00
65E0
0001
8400
0263
1002
A000
0473
C200
06D8
141F
C200
0001
7400
C200
0002
7400
C200
0003
7400
C200
0004
7400
C200
65E0
C400
0806
2600
0002
8400
CC00
65E0
0001
8400
0263
1002
A000
046B
C200
06F6
141F
C200
0001
7400
C200
0002
7400
C200
0003
7400
C200
0004
7400
C200
65E0
C400
0806
2600
0002
8400
CC00
65E0
0001
8400
0263
1002
A000
043F
C200
0714
141F
C200
0001
7400
C200
0002
7400
C200
0003
7400
C200
0004
7400
C200
65E0
C400
0806
2600
0002
8400
CC00
65E0
0001
8400
0263
1002
A000
0420
C200
0732
141F
C200
0001
7400
C200
0002
7400
C200
0003
7400
C200
0004
7400
C200
65E0
C400
0806
2600
0002
8400
CC00
65E0
0001
8400
0263
1002
A000
0459
C200
0750
141F
C200
0001
7400
C200
0002
7400
C200
0003
7400
C200
0004
7400
C200
65E0
C400
0806
2600
0002
8400
CC00
65E0
0001
8400
0263
1002
A000
042F
C200
076E
141F
C200
0001
7400
C200
0002
7400
C200
0003
7400
C200
0004
7400
C200
65E0
C400
0806
2600
0002
8400
CC00
65E0
0001
8400
0263
1002
A000
044E
C200
078C
141F
C200
0001
7400
C200
0002
7400
C200
0003
7400
C200
0004
7400
C200
65E0
C400
0806
2600
0002
8400
CC00
65E0
0001
8400
0263
1002
A000
0420
C200
07AA
141F
C200
0001
7400
C200
0002
7400
C200
0003
7400
C200
0004
7400
C200
65E0
C400
0806
2600
0002
8400
CC00
65E0
0001
8400
0263
1002
A000
07C6
141F
C200
0001
7400
C200
0002
7400
C200
0003
7400
C200
0004
7400
C200
65E0
C400
0805
2600
0002
8400
CC00
65E0
0001
8400
0068
1003
A000
CA00
0005
8400
07E5
141F
C200
0001
7400
C200
0002
7400
C200
0003
7400
C200
0004
7400
C200
65E0
C400
0804
2600
0002
8400
CC00
65E0
0001
8400
018F
1004
A000
CC00
0001
7000
88FF
0001
7000
74FF
C200
0409
1420
C200
0001
7400
C200
0002
7400
C200
0003
7400
C200
0004
7400
C200
65E0
C400
0805
2600
0002
8400
CC00
65E0
0001
8400
03C7
1002
A000
CA00
0005
8400
0428
1420
C200
0001
7400
C200
0002
7400
C200
0003
7400
C200
0004
7400
C200
65E0
C400
0804
2600
0002
8400
CC00
65E0
0001
8400
0311
1003
A000
CA00
0005
8400
0001
7000
74FF
C200
0459
C200
CA00
C800
3100
9402
0400
9E01
07FF
C200
CA00
6400
C200
0001
7000
74FF
C200
0479
C200
CA00
C800
3100
9402
0400
9E01
07FF
C200
CA00
6400
C200
CA00
C800
4400
C200
CA00
C000
61A0
C800
9403
005C
1020
A000
0087
1020
A000
0400
C200
0001
7400
000E
8400
61A0
7404
000D
8400
CA00
0002
7000
8400
0002
7400
6DA0
000E
7000
7400
0004
8400
000E
7000
7401
0003
8400
000E
7000
7402
0002
8400
000E
7000
7403
0001
8400
000D
7000
A000
0087
1020
A000
04A3
1420
C200
0001
7400
C200
0002
7400
C200
0003
7400
C200
0004
7400
C200
65E0
C400
0804
2600
0002
8400
CC00
65E0
0001
8400
01C4
1007
A000
CA00
0005
8400
040E
C200
04C4
1420
C200
0001
7400
C200
0002
7400
C200
0003
7400
C200
0004
7400
C200
65E0
C400
0805
2600
0002
8400
CC00
65E0
0001
8400
005A
1002
A000
0444
C200
04E2
1420
C200
0001
7400
C200
0002
7400
C200
0003
7400
C200
0004
7400
C200
65E0
C400
0806
2600
0002
8400
CC00
65E0
0001
8400
0263
1002
A000
046F
C200
0500
1420
C200
0001
7400
C200
0002
7400
C200
0003
7400
C200
0004
7400
C200
65E0
C400
0806
2600
0002
8400
CC00
65E0
0001
8400
0263
1002
A000
046E
C200
051E
1420
C200
0001
7400
C200
0002
7400
C200
0003
7400
C200
0004
7400
C200
65E0
C400
0806
2600
0002
8400
CC00
65E0
0001
8400
0263
1002
A000
0465
C200
053C
1420
C200
0001
7400
C200
0002
7400
C200
0003
7400
C200
0004
7400
C200
65E0
C400
0806
2600
0002
8400
CC00
65E0
0001
8400
0263
1002
A000
042E
C200
055A
1420
C200
0001
7400
C200
0002
7400
C200
0003
7400
C200
0004
7400
C200
65E0
C400
0806
2600
0002
8400
CC00
65E0
0001
8400
0263
1002
A000
0420
C200
0578
1420
C200
0001
7400
C200
0002
7400
C200
0003
7400
C200
0004
7400
C200
65E0
C400
0806
2600
0002
8400
CC00
65E0
0001
8400
0263
1002
A000
0432
C200
0596
1420
C200
0001
7400
C200
0002
7400
C200
0003
7400
C200
0004
7400
C200
65E0
C400
0806
2600
0002
8400
CC00
65E0
0001
8400
0263
1002
A000
0435
C200
05B4
1420
C200
0001
7400
C200
0002
7400
C200
0003
7400
C200
0004
7400
C200
65E0
C400
0806
2600
0002
8400
CC00
65E0
0001
8400
0263
1002
A000
0431
C200
05D2
1420
C200
0001
7400
C200
0002
7400
C200
0003
7400
C200
0004
7400
C200
65E0
C400
0806
2600
0002
8400
CC00
65E0
0001
8400
0263
1002
A000
0420
C200
05F0
1420
C200
0001
7400
C200
0002
7400
C200
0003
7400
C200
0004
7400
C200
65E0
C400
0806
2600
0002
8400
CC00
65E0
0001
8400
0263
1002
A000
0466
C200
060E
1420
C200
0001
7400
C200
0002
7400
C200
0003
7400
C200
0004
7400
C200
65E0
C400
0806
2600
0002
8400
CC00
65E0
0001
8400
0263
1002
A000
0472
C200
062C
1420
C200
0001
7400
C200
0002
7400
C200
0003
7400
C200
0004
7400
C200
65E0
C400
0806
2600
0002
8400
CC00
65E0
0001
8400
0263
1002
A000
0465
C200
064A
1420
C200
0001
7400
C200
0002
7400
C200
0003
7400
C200
0004
7400
C200
65E0
C400
0806
2600
0002
8400
CC00
65E0
0001
8400
0263
1002
A000
0465
C200
0668
1420
C200
0001
7400
C200
0002
7400
C200
0003
7400
C200
0004
7400
C200
65E0
C400
0806
2600
0002
8400
CC00
65E0
0001
8400
0263
1002
A000
0684
1420
C200
0001
7400
C200
0002
7400
C200
0003
7400
C200
0004
7400
C200
65E0
C400
0805
2600
0002
8400
CC00
65E0
0001
8400
0068
1003
A000
CA00
0005
8400
06A3
1420
C200
0001
7400
C200
0002
7400
C200
0003
7400
C200
0004
7400
C200
65E0
C400
0804
2600
0002
8400
CC00
65E0
0001
8400
0311
1003
A000
CA00
0005
8400
0400
C200
0001
7400
000E
8400
61A0
7404
000D
8400
CA00
0002
7000
8400
0002
7400
6DA0
000E
7000
7400
0004
8400
000E
7000
7401
0003
8400
000E
7000
7402
0002
8400
000E
7000
7403
0001
8400
000D
7000
A000
0400
C200
C200
0002
7000
7400
C200
CA00
0003
8400
0003
7400
C200
06F7
1420
C200
0001
7400
C200
0002
7400
C200
0003
7400
C200
0004
7400
C200
65E0
C400
0805
2600
0002
8400
CC00
65E0
0001
8400
02DE
1010
A000
CC00
0001
7000
88FF
0003
7400
C200
0001
7000
74FF
C200
071E
1420
C200
0001
7400
C200
0002
7400
C200
0003
7400
C200
0004
7400
C200
65E0
C400
0806
2600
0002
8400
CC00
65E0
0001
8400
0186
1013
A000
CC00
0001
7000
88FE
0003
7400
C200
0001
7000
74FE
C200
CA00
0004
8400
0004
7000
7400
C200
074C
1420
C200
0001
7400
C200
0002
7400
C200
0003
7400
C200
0004
7400
C200
65E0
C400
0806
2600
0002
8400
CC00
65E0
0001
8400
0064
1014
A000
CA00
0005
8400
076B
1420
C200
0001
7400
C200
0002
7400
C200
0003
7400
C200
0004
7400
C200
65E0
C400
0804
2600
0002
8400
CC00
65E0
0001
8400
0311
1003
A000
CA00
0005
8400
0400
C200
0001
7400
000E
8400
61A0
7404
000D
8400
CA00
0002
7000
8400
0002
7400
6DA0
000E
7000
7400
0004
8400
000E
7000
7401
0003
8400
000E
7000
7402
0002
8400
000E
7000
7403
0001
8400
000D
7000
A000
0400
C200
C200
C200
C200
0002
7000
7400
C200
CA00
0003
8400
0003
7400
C200
07C1
1420
C200
0001
7400
C200
0002
7400
C200
0003
7400
C200
0004
7400
C200
65E0
C400
0805
2600
0002
8400
CC00
65E0
0001
8400
02DE
1010
A000
CC00
0001
7000
88FF
0003
7400
C200
0001
7000
74FF
C200
07E8
1420
C200
0001
7400
C200
0002
7400
C200
0003
7400
C200
0004
7400
C200
65E0
C400
0806
2600
0002
8400
CC00
65E0
0001
8400
0186
1013
A000
CC00
0001
7000
88FE
0001
7000
74FF
C200
CC00
0001
7000
88FD
0001
7000
74FD
C200
0003
7000
7401
C200
CA00
C800
C400
6980
6A20
9805
3100
CC00
9807
0400
9E06
0400
2100
CC00
9801
9E01
07FF
C200
0003
7000
7400
C200
0001
7000
74FD
C200
CA00
C800
69A0
9803
74FF
3600
9203
0125
1025
A000
2200
7400
C200
0420
C200
CA00
C800
3100
9402
0400
9E01
07FF
C200
CA00
6400
C200
CA00
C800
4400
C200
CA00
6400
C200
CA00
C000
61A0
C800
9403
0050
1021
A000
0001
7000
74FD
C200
0401
C200
CA00
C800
2400
C200
CC00
0001
7000
88FD
03F4
1020
A000
0003
7400
C200
0001
7000
74FD
C200
0473
1421
C200
0001
7400
C200
0002
7400
C200
0003
7400
C200
0004
7400
C200
65E0
C400
0806
2600
0002
8400
CC00
65E0
0001
8400
0186
1013
A000
CC00
0001
7000
88FC
0001
7000
74FE
C200
0001
7000
74FC
C200
CA00
0005
8400
CA00
0004
8400
0005
7400
C200
CC00
0004
7000
8800
0400
C200
CA00
0005
8400
0400
C200
0001
7400
000E
8400
61A0
7404
000D
8400
CA00
0002
7000
8400
0002
7400
6DA0
000E
7000
7400
0004
8400
000E
7000
7401
0003
8400
000E
7000
7402
0002
8400
000E
7000
7403
0001
8400
000D
7000
A000
0400
C200
C200
C200
C200
C200
C200
0002
7000
7400
C200
CA00
0003
8400
0003
7400
C200
04E6
1421
C200
0001
7400
C200
0002
7400
C200
0003
7400
C200
0004
7400
C200
65E0
C400
0805
2600
0002
8400
CC00
65E0
0001
8400
0009
1013
A000
0400
C200
CA00
C800
3100
9402
0400
9E01
07FF
C200
CA00
C000
61A0
C800
9403
00FB
1021
A000
0126
1021
A000
0400
C200
0001
7400
000E
8400
61A0
7404
000D
8400
CA00
0002
7000
8400
0002
7400
6DA0
000E
7000
7400
0004
8400
000E
7000
7401
0003
8400
000E
7000
7402
0002
8400
000E
7000
7403
0001
8400
000D
7000
A000
0126
1021
A000
0003
7400
C200
0545
1421
C200
0001
7400
C200
0002
7400
C200
0003
7400
C200
0004
7400
C200
65E0
C400
0805
2600
0002
8400
CC00
65E0
0001
8400
02DE
1010
A000
CC00
0001
7000
88FF
0001
7000
74FF
C200
0003
7000
7401
C200
CA00
C800
C400
6980
6A20
9805
3100
CC00
9807
0400
9E06
0400
2100
CC00
9801
9E01
07FF
C200
CA00
6400
C200
CA00
C000
61A0
C800
9403
0171
1021
A000
03BA
1021
A000
040F
C200
058F
1421
C200
0001
7400
C200
0002
7400
C200
0003
7400
C200
0004
7400
C200
65E0
C400
0805
2600
0002
8400
CC00
65E0
0001
8400
005A
1002
A000
0455
C200
05AD
1421
C200
0001
7400
C200
0002
7400
C200
0003
7400
C200
0004
7400
C200
65E0
C400
0806
2600
0002
8400
CC00
65E0
0001
8400
0263
1002
A000
0473
C200
05CB
1421
C200
0001
7400
C200
0002
7400
C200
0003
7400
C200
0004
7400
C200
65E0
C400
0806
2600
0002
8400
CC00
65E0
0001
8400
0263
1002
A000
0461
C200
05E9
1421
C200
0001
7400
C200
0002
7400
C200
0003
7400
C200
0004
7400
C200
65E0
C400
0806
2600
0002
8400
CC00
65E0
0001
8400
0263
1002
A000
0467
C200
0607
1421
C200
0001
7400
C200
0002
7400
C200
0003
7400
C200
0004
7400
C200
65E0
C400
0806
2600
0002
8400
CC00
65E0
0001
8400
0263
1002
A000
0465
C200
0625
1421
C200
0001
7400
C200
0002
7400
C200
0003
7400
C200
0004
7400
C200
65E0
C400
0806
2600
0002
8400
CC00
65E0
0001
8400
0263
1002
A000
043A
C200
0643
1421
C200
0001
7400
C200
0002
7400
C200
0003
7400
C200
0004
7400
C200
65E0
C400
0806
2600
0002
8400
CC00
65E0
0001
8400
0263
1002
A000
0420
C200
0661
1421
C200
0001
7400
C200
0002
7400
C200
0003
7400
C200
0004
7400
C200
65E0
C400
0806
2600
0002
8400
CC00
65E0
0001
8400
0263
1002
A000
0452
C200
067F
1421
C200
0001
7400
C200
0002
7400
C200
0003
7400
C200
0004
7400
C200
65E0
C400
0806
2600
0002
8400
CC00
65E0
0001
8400
0263
1002
A000
0455
C200
069D
1421
C200
0001
7400
C200
0002
7400
C200
0003
7400
C200
0004
7400
C200
65E0
C400
0806
2600
0002
8400
CC00
65E0
0001
8400
0263
1002
A000
044E
C200
06BB
1421
C200
0001
7400
C200
0002
7400
C200
0003
7400
C200
0004
7400
C200
65E0
C400
0806
2600
0002
8400
CC00
65E0
0001
8400
0263
1002
A000
0420
C200
06D9
1421
C200
0001
7400
C200
0002
7400
C200
0003
7400
C200
0004
7400
C200
65E0
C400
0806
2600
0002
8400
CC00
65E0
0001
8400
0263
1002
A000
0466
C200
06F7
1421
C200
0001
7400
C200
0002
7400
C200
0003
7400
C200
0004
7400
C200
65E0
C400
0806
2600
0002
8400
CC00
65E0
0001
8400
0263
1002
A000
0469
C200
0715
1421
C200
0001
7400
C200
0002
7400
C200
0003
7400
C200
0004
7400
C200
65E0
C400
0806
2600
0002
8400
CC00
65E0
0001
8400
0263
1002
A000
046C
C200
0733
1421
C200
0001
7400
C200
0002
7400
C200
0003
7400
C200
0004
7400
C200
65E0
C400
0806
2600
0002
8400
CC00
65E0
0001
8400
0263
1002
A000
0465
C200
0751
1421
C200
0001
7400
C200
0002
7400
C200
0003
7400
C200
0004
7400
C200
65E0
C400
0806
2600
0002
8400
CC00
65E0
0001
8400
0263
1002
A000
076D
1421
C200
0001
7400
C200
0002
7400
C200
0003
7400
C200
0004
7400
C200
65E0
C400
0805
2600
0002
8400
CC00
65E0
0001
8400
0068
1003
A000
CA00
0005
8400
078C
1421
C200
0001
7400
C200
0002
7400
C200
0003
7400
C200
0004
7400
C200
65E0
C400
0804
2600
0002
8400
CC00
65E0
0001
8400
0311
1003
A000
CA00
0005
8400
0400
C200
0001
7400
000E
8400
61A0
7404
000D
8400
CA00
0002
7000
8400
0002
7400
6DA0
000E
7000
7400
0004
8400
000E
7000
7401
0003
8400
000E
7000
7402
0002
8400
000E
7000
7403
0001
8400
000D
7000
A000
03BA
1021
A000
0003
7400
C200
0001
7000
74FF
C200
07DD
1421
C200
0001
7400
C200
0002
7400
C200
0003
7400
C200
0004
7400
C200
65E0
C400
0806
2600
0002
8400
CC00
65E0
0001
8400
03CC
1010
A000
0400
C200
CA00
C800
3100
9402
0400
9E01
07FF
C200
CA00
C000
61A0
C800
9403
03F2
1021
A000
001D
1022
A000
0400
C200
0001
7400
000E
8400
61A0
7404
000D
8400
CA00
0002
7000
8400
0002
7400
6DA0
000E
7000
7400
0004
8400
000E
7000
7401
0003
8400
000E
7000
7402
0002
8400
000E
7000
7403
0001
8400
000D
7000
A000
001D
1022
A000
0003
7400
C200
043C
1422
C200
0001
7400
C200
0002
7400
C200
0003
7400
C200
0004
7400
C200
65E0
C400
0805
2600
0002
8400
CC00
65E0
0001
8400
0039
1012
A000
CC00
0001
7000
88FE
0001
7000
74FE
C200
0400
C200
CA00
C800
C400
6980
6A20
9805
3100
CC00
9807
0400
9E06
0400
2100
CC00
9801
9E01
07FF
C200
CA00
C000
61A0
C800
9403
0063
1022
A000
01F8
1022
A000
0409
C200
0481
1422
C200
0001
7400
C200
0002
7400
C200
0003
7400
C200
0004
7400
C200
65E0
C400
0805
2600
0002
8400
CC00
65E0
0001
8400
005A
1002
A000
044E
C200
049F
1422
C200
0001
7400
C200
0002
7400
C200
0003
7400
C200
0004
7400
C200
65E0
C400
0806
2600
0002
8400
CC00
65E0
0001
8400
0263
1002
A000
046F
C200
04BD
1422
C200
0001
7400
C200
0002
7400
C200
0003
7400
C200
0004
7400
C200
65E0
C400
0806
2600
0002
8400
CC00
65E0
0001
8400
0263
1002
A000
0474
C200
04DB
1422
C200
0001
7400
C200
0002
7400
C200
0003
7400
C200
0004
7400
C200
65E0
C400
0806
2600
0002
8400
CC00
65E0
0001
8400
0263
1002
A000
0420
C200
04F9
1422
C200
0001
7400
C200
0002
7400
C200
0003
7400
C200
0004
7400
C200
65E0
C400
0806
2600
0002
8400
CC00
65E0
0001
8400
0263
1002
A000
0466
C200
0517
1422
C200
0001
7400
C200
0002
7400
C200
0003
7400
C200
0004
7400
C200
65E0
C400
0806
2600
0002
8400
CC00
65E0
0001
8400
0263
1002
A000
046F
C200
0535
1422
C200
0001
7400
C200
0002
7400
C200
0003
7400
C200
0004
7400
C200
65E0
C400
0806
2600
0002
8400
CC00
65E0
0001
8400
0263
1002
A000
0475
C200
0553
1422
C200
0001
7400
C200
0002
7400
C200
0003
7400
C200
0004
7400
C200
65E0
C400
0806
2600
0002
8400
CC00
65E0
0001
8400
0263
1002
A000
046E
C200
0571
1422
C200
0001
7400
C200
0002
7400
C200
0003
7400
C200
0004
7400
C200
65E0
C400
0806
2600
0002
8400
CC00
65E0
0001
8400
0263
1002
A000
0464
C200
058F
1422
C200
0001
7400
C200
0002
7400
C200
0003
7400
C200
0004
7400
C200
65E0
C400
0806
2600
0002
8400
CC00
65E0
0001
8400
0263
1002
A000
05AB
1422
C200
0001
7400
C200
0002
7400
C200
0003
7400
C200
0004
7400
C200
65E0
C400
0805
2600
0002
8400
CC00
65E0
0001
8400
0068
1003
A000
CA00
0005
8400
05CA
1422
C200
0001
7400
C200
0002
7400
C200
0003
7400
C200
0004
7400
C200
65E0
C400
0804
2600
0002
8400
CC00
65E0
0001
8400
0311
1003
A000
CA00
0005
8400
0400
C200
0001
7400
000E
8400
61A0
7404
000D
8400
CA00
0002
7000
8400
0002
7400
6DA0
000E
7000
7400
0004
8400
000E
7000
7401
0003
8400
000E
7000
7402
0002
8400
000E
7000
7403
0001
8400
000D
7000
A000
01F8
1022
A000
0001
7000
74FE
C200
040D
C200
061A
1422
C200
0001
7400
C200
0002
7400
C200
0003
7400
C200
0004
7400
C200
65E0
C400
0806
2600
0002
8400
CC00
65E0
0001
8400
0039
1006
A000
CC00
0001
7000
88FD
0001
7000
74FD
C200
0400
C200
CA00
C800
3100
9402
0400
9E01
07FF
C200
CA00
C000
61A0
C800
9403
0237
1022
A000
03EA
1022
A000
040A
C200
0655
1422
C200
0001
7400
C200
0002
7400
C200
0003
7400
C200
0004
7400
C200
65E0
C400
0805
2600
0002
8400
CC00
65E0
0001
8400
005A
1002
A000
0445
C200
0673
1422
C200
0001
7400
C200
0002
7400
C200
0003
7400
C200
0004
7400
C200
65E0
C400
0806
2600
0002
8400
CC00
65E0
0001
8400
0263
1002
A000
046D
C200
0691
1422
C200
0001
7400
C200
0002
7400
C200
0003
7400
C200
0004
7400
C200
65E0
C400
0806
2600
0002
8400
CC00
65E0
0001
8400
0263
1002
A000
0470
C200
06AF
1422
C200
0001
7400
C200
0002
7400
C200
0003
7400
C200
0004
7400
C200
65E0
C400
0806
2600
0002
8400
CC00
65E0
0001
8400
0263
1002
A000
0474
C200
06CD
1422
C200
0001
7400
C200
0002
7400
C200
0003
7400
C200
0004
7400
C200
65E0
C400
0806
2600
0002
8400
CC00
65E0
0001
8400
0263
1002
A000
0479
C200
06EB
1422
C200
0001
7400
C200
0002
7400
C200
0003
7400
C200
0004
7400
C200
65E0
C400
0806
2600
0002
8400
CC00
65E0
0001
8400
0263
1002
A000
0420
C200
0709
1422
C200
0001
7400
C200
0002
7400
C200
0003
7400
C200
0004
7400
C200
65E0
C400
0806
2600
0002
8400
CC00
65E0
0001
8400
0263
1002
A000
0466
C200
0727
1422
C200
0001
7400
C200
0002
7400
C200
0003
7400
C200
0004
7400
C200
65E0
C400
0806
2600
0002
8400
CC00
65E0
0001
8400
0263
1002
A000
0469
C200
0745
1422
C200
0001
7400
C200
0002
7400
C200
0003
7400
C200
0004
7400
C200
65E0
C400
0806
2600
0002
8400
CC00
65E0
0001
8400
0263
1002
A000
046C
C200
0763
1422
C200
0001
7400
C200
0002
7400
C200
0003
7400
C200
0004
7400
C200
65E0
C400
0806
2600
0002
8400
CC00
65E0
0001
8400
0263
1002
A000
0465
C200
0781
1422
C200
0001
7400
C200
0002
7400
C200
0003
7400
C200
0004
7400
C200
65E0
C400
0806
2600
0002
8400
CC00
65E0
0001
8400
0263
1002
A000
079D
1422
C200
0001
7400
C200
0002
7400
C200
0003
7400
C200
0004
7400
C200
65E0
C400
0805
2600
0002
8400
CC00
65E0
0001
8400
0068
1003
A000
CA00
0005
8400
07BC
1422
C200
0001
7400
C200
0002
7400
C200
0003
7400
C200
0004
7400
C200
65E0
C400
0804
2600
0002
8400
CC00
65E0
0001
8400
0311
1003
A000
CA00
0005
8400
0400
C200
0001
7400
000E
8400
61A0
7404
000D
8400
CA00
0002
7000
8400
0002
7400
6DA0
000E
7000
7400
0004
8400
000E
7000
7401
0003
8400
000E
7000
7402
0002
8400
000E
7000
7403
0001
8400
000D
7000
A000
03EA
1022
A000
0001
7000
74FE
C200
040C
C200
040C
1423
C200
0001
7400
C200
0002
7400
C200
0003
7400
C200
0004
7400
C200
65E0
C400
0806
2600
0002
8400
CC00
65E0
0001
8400
0039
1006
A000
CC00
0001
7000
88FC
0400
C200
CC00
0001
7000
88FB
0001
7000
74FC
C200
0400
C200
CA00
C800
C400
6980
6A20
9805
3100
CC00
9206
0400
9E05
0400
2100
CC00
9801
07FF
C200
0001
7000
74FC
C200
0500
C200
CA00
C800
C400
6980
6A20
9805
3100
CC00
9807
0400
9E06
0400
2100
CC00
9801
9E01
07FF
C200
CA00
C800
4400
C200
0001
7000
74FB
C200
04FB
C200
CA00
C800
C400
6980
6A20
9805
3100
CC00
9807
0400
9E06
0400
2100
CC00
9801
9E01
07FF
C200
CA00
C800
4400
C200
CA00
6400
C200
CA00
C000
61A0
C800
9403
0114
1023
A000
0601
143B
C200
0001
7000
74FB
C200
CA00
C800
2400
C200
0001
7000
74FC
C200
CA00
0005
8400
CA00
0004
8400
0005
7400
C200
CC00
0004
7000
8800
0400
C200
CA00
0005
8400
0001
7000
74FB
C200
0401
C200
CA00
C800
2400
C200
CC00
0001
7000
88FB
0001
7000
74FC
C200
04BF
1423
C200
0001
7400
C200
0002
7400
C200
0003
7400
C200
0004
7400
C200
65E0
C400
0805
2600
0002
8400
CC00
65E0
0001
8400
0344
1005
A000
CC00
0001
7000
88FA
0001
7000
74FA
C200
07FF
C200
CA00
C800
3100
9402
0400
9E01
07FF
C200
0001
7000
74FA
C200
0400
C200
CA00
C800
3100
9402
0400
9E01
07FF
C200
CA00
C800
5400
C200
0001
7000
74FA
C200
07FE
C200
CA00
C800
3100
9402
0400
9E01
07FF
C200
CA00
C800
5400
C200
CA00
C000
61A0
C800
9403
0100
1023
A000
0109
1023
A000
0400
C200
CC00
0001
7000
88FC
0111
1023
A000
0001
7000
74FA
C200
CC00
0001
7000
88FC
0016
1023
A000
0600
143B
C200
0001
7000
74FB
C200
CA00
0005
8400
CA00
0004
8400
0005
7400
C200
CC00
0004
7000
8800
0400
C200
CA00
0005
8400
0408
C200
054B
1423
C200
0001
7400
C200
0002
7400
C200
0003
7400
C200
0004
7400
C200
65E0
C400
0805
2600
0002
8400
CC00
65E0
0001
8400
005A
1002
A000
044C
C200
0569
1423
C200
0001
7400
C200
0002
7400
C200
0003
7400
C200
0004
7400
C200
65E0
C400
0806
2600
0002
8400
CC00
65E0
0001
8400
0263
1002
A000
046F
C200
0587
1423
C200
0001
7400
C200
0002
7400
C200
0003
7400
C200
0004
7400
C200
65E0
C400
0806
2600
0002
8400
CC00
65E0
0001
8400
0263
1002
A000
0461
C200
05A5
1423
C200
0001
7400
C200
0002
7400
C200
0003
7400
C200
0004
7400
C200
65E0
C400
0806
2600
0002
8400
CC00
65E0
0001
8400
0263
1002
A000
0464
C200
05C3
1423
C200
0001
7400
C200
0002
7400
C200
0003
7400
C200
0004
7400
C200
65E0
C400
0806
2600
0002
8400
CC00
65E0
0001
8400
0263
1002
A000
0469
C200
05E1
1423
C200
0001
7400
C200
0002
7400
C200
0003
7400
C200
0004
7400
C200
65E0
C400
0806
2600
0002
8400
CC00
65E0
0001
8400
0263
1002
A000
046E
C200
05FF
1423
C200
0001
7400
C200
0002
7400
C200
0003
7400
C200
0004
7400
C200
65E0
C400
0806
2600
0002
8400
CC00
65E0
0001
8400
0263
1002
A000
0467
C200
061D
1423
C200
0001
7400
C200
0002
7400
C200
0003
7400
C200
0004
7400
C200
65E0
C400
0806
2600
0002
8400
CC00
65E0
0001
8400
0263
1002
A000
0420
C200
063B
1423
C200
0001
7400
C200
0002
7400
C200
0003
7400
C200
0004
7400
C200
65E0
C400
0806
2600
0002
8400
CC00
65E0
0001
8400
0263
1002
A000
0657
1423
C200
0001
7400
C200
0002
7400
C200
0003
7400
C200
0004
7400
C200
65E0
C400
0805
2600
0002
8400
CC00
65E0
0001
8400
0068
1003
A000
CA00
0005
8400
0001
7000
74FD
C200
067A
1423
C200
0001
7400
C200
0002
7400
C200
0003
7400
C200
0004
7400
C200
65E0
C400
0805
2600
0002
8400
CC00
65E0
0001
8400
0136
1003
A000
CA00
0005
8400
0409
C200
069B
1423
C200
0001
7400
C200
0002
7400
C200
0003
7400
C200
0004
7400
C200
65E0
C400
0805
2600
0002
8400
CC00
65E0
0001
8400
005A
1002
A000
0420
C200
06B9
1423
C200
0001
7400
C200
0002
7400
C200
0003
7400
C200
0004
7400
C200
65E0
C400
0806
2600
0002
8400
CC00
65E0
0001
8400
0263
1002
A000
0477
C200
06D7
1423
C200
0001
7400
C200
0002
7400
C200
0003
7400
C200
0004
7400
C200
65E0
C400
0806
2600
0002
8400
CC00
65E0
0001
8400
0263
1002
A000
046F
C200
06F5
1423
C200
0001
7400
C200
0002
7400
C200
0003
7400
C200
0004
7400
C200
65E0
C400
0806
2600
0002
8400
CC00
65E0
0001
8400
0263
1002
A000
0472
C200
0713
1423
C200
0001
7400
C200
0002
7400
C200
0003
7400
C200
0004
7400
C200
65E0
C400
0806
2600
0002
8400
CC00
65E0
0001
8400
0263
1002
A000
0464
C200
0731
1423
C200
0001
7400
C200
0002
7400
C200
0003
7400
C200
0004
7400
C200
65E0
C400
0806
2600
0002
8400
CC00
65E0
0001
8400
0263
1002
A000
0473
C200
074F
1423
C200
0001
7400
C200
0002
7400
C200
0003
7400
C200
0004
7400
C200
65E0
C400
0806
2600
0002
8400
CC00
65E0
0001
8400
0263
1002
A000
042E
C200
076D
1423
C200
0001
7400
C200
0002
7400
C200
0003
7400
C200
0004
7400
C200
65E0
C400
0806
2600
0002
8400
CC00
65E0
0001
8400
0263
1002
A000
042E
C200
078B
1423
C200
0001
7400
C200
0002
7400
C200
0003
7400
C200
0004
7400
C200
65E0
C400
0806
2600
0002
8400
CC00
65E0
0001
8400
0263
1002
A000
042E
C200
07A9
1423
C200
0001
7400
C200
0002
7400
C200
0003
7400
C200
0004
7400
C200
65E0
C400
0806
2600
0002
8400
CC00
65E0
0001
8400
0263
1002
A000
07C5
1423
C200
0001
7400
C200
0002
7400
C200
0003
7400
C200
0004
7400
C200
65E0
C400
0805
2600
0002
8400
CC00
65E0
0001
8400
0068
1003
A000
CA00
0005
8400
07E4
1423
C200
0001
7400
C200
0002
7400
C200
0003
7400
C200
0004
7400
C200
65E0
C400
0804
2600
0002
8400
CC00
65E0
0001
8400
0311
1003
A000
CA00
0005
8400
06FF
143B
C200
0001
7000
74FD
C200
CA00
0005
8400
CA00
0004
8400
0005
7400
C200
CC00
0004
7000
8800
0400
C200
CA00
0005
8400
06FE
143B
C200
0558
1411
C200
CA00
0005
8400
CA00
0004
8400
0005
7400
C200
CC00
0004
7000
8800
0400
C200
CA00
0005
8400
0434
1424
C200
0001
7400
C200
0002
7400
C200
0003
7400
C200
0004
7400
C200
65E0
C400
0804
2600
0002
8400
CC00
65E0
0001
8400
03BF
1003
A000
CA00
0005
8400
0400
C200
0001
7400
000E
8400
61A0
7404
000D
8400
CA00
0002
7000
8400
0002
7400
6DA0
000E
7000
7400
0004
8400
000E
7000
7401
0003
8400
000E
7000
7402
0002
8400
000E
7000
7403
0001
8400
000D
7000
A000
0002
7000
7400
C200
CA00
0003
8400
0482
1424
C200
0001
7400
C200
0002
7400
C200
0003
7400
C200
0004
7400
C200
65E0
C400
0804
2600
0002
8400
CC00
65E0
0001
8400
02D2
1006
A000
CA00
0005
8400
04A1
1424
C200
0001
7400
C200
0002
7400
C200
0003
7400
C200
0004
7400
C200
65E0
C400
0804
2600
0002
8400
CC00
65E0
0001
8400
031B
1005
A000
CA00
C000
61A0
C800
9403
00AC
1024
A000
02AD
1024
A000
04C8
1424
C200
0001
7400
C200
0002
7400
C200
0003
7400
C200
0004
7400
C200
65E0
C400
0804
2600
0002
8400
CC00
65E0
0001
8400
0172
1007
A000
04E4
1424
C200
0001
7400
C200
0002
7400
C200
0003
7400
C200
0004
7400
C200
65E0
C400
0805
2600
0002
8400
CC00
65E0
0001
8400
0136
1003
A000
CA00
0005
8400
040D
C200
0505
1424
C200
0001
7400
C200
0002
7400
C200
0003
7400
C200
0004
7400
C200
65E0
C400
0805
2600
0002
8400
CC00
65E0
0001
8400
005A
1002
A000
0420
C200
0523
1424
C200
0001
7400
C200
0002
7400
C200
0003
7400
C200
0004
7400
C200
65E0
C400
0806
2600
0002
8400
CC00
65E0
0001
8400
0263
1002
A000
0473
C200
0541
1424
C200
0001
7400
C200
0002
7400
C200
0003
7400
C200
0004
7400
C200
65E0
C400
0806
2600
0002
8400
CC00
65E0
0001
8400
0263
1002
A000
0465
C200
055F
1424
C200
0001
7400
C200
0002
7400
C200
0003
7400
C200
0004
7400
C200
65E0
C400
0806
2600
0002
8400
CC00
65E0
0001
8400
0263
1002
A000
0463
C200
057D
1424
C200
0001
7400
C200
0002
7400
C200
0003
7400
C200
0004
7400
C200
65E0
C400
0806
2600
0002
8400
CC00
65E0
0001
8400
0263
1002
A000
0474
C200
059B
1424
C200
0001
7400
C200
0002
7400
C200
0003
7400
C200
0004
7400
C200
65E0
C400
0806
2600
0002
8400
CC00
65E0
0001
8400
0263
1002
A000
046F
C200
05B9
1424
C200
0001
7400
C200
0002
7400
C200
0003
7400
C200
0004
7400
C200
65E0
C400
0806
2600
0002
8400
CC00
65E0
0001
8400
0263
1002
A000
0472
C200
05D7
1424
C200
0001
7400
C200
0002
7400
C200
0003
7400
C200
0004
7400
C200
65E0
C400
0806
2600
0002
8400
CC00
65E0
0001
8400
0263
1002
A000
0473
C200
05F5
1424
C200
0001
7400
C200
0002
7400
C200
0003
7400
C200
0004
7400
C200
65E0
C400
0806
2600
0002
8400
CC00
65E0
0001
8400
0263
1002
A000
0420
C200
0613
1424
C200
0001
7400
C200
0002
7400
C200
0003
7400
C200
0004
7400
C200
65E0
C400
0806
2600
0002
8400
CC00
65E0
0001
8400
0263
1002
A000
0466
C200
0631
1424
C200
0001
7400
C200
0002
7400
C200
0003
7400
C200
0004
7400
C200
65E0
C400
0806
2600
0002
8400
CC00
65E0
0001
8400
0263
1002
A000
0472
C200
064F
1424
C200
0001
7400
C200
0002
7400
C200
0003
7400
C200
0004
7400
C200
65E0
C400
0806
2600
0002
8400
CC00
65E0
0001
8400
0263
1002
A000
0465
C200
066D
1424
C200
0001
7400
C200
0002
7400
C200
0003
7400
C200
0004
7400
C200
65E0
C400
0806
2600
0002
8400
CC00
65E0
0001
8400
0263
1002
A000
0465
C200
068B
1424
C200
0001
7400
C200
0002
7400
C200
0003
7400
C200
0004
7400
C200
65E0
C400
0806
2600
0002
8400
CC00
65E0
0001
8400
0263
1002
A000
06A7
1424
C200
0001
7400
C200
0002
7400
C200
0003
7400
C200
0004
7400
C200
65E0
C400
0805
2600
0002
8400
CC00
65E0
0001
8400
0068
1003
A000
CA00
0005
8400
0380
1024
A000
0405
C200
06CB
1424
C200
0001
7400
C200
0002
7400
C200
0003
7400
C200
0004
7400
C200
65E0
C400
0805
2600
0002
8400
CC00
65E0
0001
8400
005A
1002
A000
044E
C200
06E9
1424
C200
0001
7400
C200
0002
7400
C200
0003
7400
C200
0004
7400
C200
65E0
C400
0806
2600
0002
8400
CC00
65E0
0001
8400
0263
1002
A000
046F
C200
0707
1424
C200
0001
7400
C200
0002
7400
C200
0003
7400
C200
0004
7400
C200
65E0
C400
0806
2600
0002
8400
CC00
65E0
0001
8400
0263
1002
A000
0420
C200
0725
1424
C200
0001
7400
C200
0002
7400
C200
0003
7400
C200
0004
7400
C200
65E0
C400
0806
2600
0002
8400
CC00
65E0
0001
8400
0263
1002
A000
0446
C200
0743
1424
C200
0001
7400
C200
0002
7400
C200
0003
7400
C200
0004
7400
C200
65E0
C400
0806
2600
0002
8400
CC00
65E0
0001
8400
0263
1002
A000
0453
C200
0761
1424
C200
0001
7400
C200
0002
7400
C200
0003
7400
C200
0004
7400
C200
65E0
C400
0806
2600
0002
8400
CC00
65E0
0001
8400
0263
1002
A000
077D
1424
C200
0001
7400
C200
0002
7400
C200
0003
7400
C200
0004
7400
C200
65E0
C400
0805
2600
0002
8400
CC00
65E0
0001
8400
0068
1003
A000
CA00
0005
8400
079C
1424
C200
0001
7400
C200
0002
7400
C200
0003
7400
C200
0004
7400
C200
65E0
C400
0804
2600
0002
8400
CC00
65E0
0001
8400
0311
1003
A000
CA00
0005
8400
0400
C200
0001
7400
000E
8400
61A0
7404
000D
8400
CA00
0002
7000
8400
0002
7400
6DA0
000E
7000
7400
0004
8400
000E
7000
7401
0003
8400
000E
7000
7402
0002
8400
000E
7000
7403
0001
8400
000D
7000
A000
0002
7000
7400
C200
CA00
0003
8400
0406
C200
07EC
1424
C200
0001
7400
C200
0002
7400
C200
0003
7400
C200
0004
7400
C200
65E0
C400
0805
2600
0002
8400
CC00
65E0
0001
8400
005A
1002
A000
0448
C200
040A
1425
C200
0001
7400
C200
0002
7400
C200
0003
7400
C200
0004
7400
C200
65E0
C400
0806
2600
0002
8400
CC00
65E0
0001
8400
0263
1002
A000
0461
C200
0428
1425
C200
0001
7400
C200
0002
7400
C200
0003
7400
C200
0004
7400
C200
65E0
C400
0806
2600
0002
8400
CC00
65E0
0001
8400
0263
1002
A000
046C
C200
0446
1425
C200
0001
7400
C200
0002
7400
C200
0003
7400
C200
0004
7400
C200
65E0
C400
0806
2600
0002
8400
CC00
65E0
0001
8400
0263
1002
A000
0474
C200
0464
1425
C200
0001
7400
C200
0002
7400
C200
0003
7400
C200
0004
7400
C200
65E0
C400
0806
2600
0002
8400
CC00
65E0
0001
8400
0263
1002
A000
0465
C200
0482
1425
C200
0001
7400
C200
0002
7400
C200
0003
7400
C200
0004
7400
C200
65E0
C400
0806
2600
0002
8400
CC00
65E0
0001
8400
0263
1002
A000
0464
C200
04A0
1425
C200
0001
7400
C200
0002
7400
C200
0003
7400
C200
0004
7400
C200
65E0
C400
0806
2600
0002
8400
CC00
65E0
0001
8400
0263
1002
A000
04BC
1425
C200
0001
7400
C200
0002
7400
C200
0003
7400
C200
0004
7400
C200
65E0
C400
0805
2600
0002
8400
CC00
65E0
0001
8400
0068
1003
A000
CA00
0005
8400
04DB
1425
C200
0001
7400
C200
0002
7400
C200
0003
7400
C200
0004
7400
C200
65E0
C400
0804
2600
0002
8400
CC00
65E0
0001
8400
0311
1003
A000
CA00
0005
8400
04FA
1425
C200
0001
7400
C200
0002
7400
C200
0003
7400
C200
0004
7400
C200
65E0
C400
0804
2600
0002
8400
CC00
65E0
0001
8400
03BF
1003
A000
CA00
0005
8400
0400
C200
0001
7400
000E
8400
61A0
7404
000D
8400
CA00
0002
7000
8400
0002
7400
6DA0
000E
7000
7400
0004
8400
000E
7000
7401
0003
8400
000E
7000
7402
0002
8400
000E
7000
7403
0001
8400
000D
7000
A000
04CE
C200
0543
1425
C200
0001
7400
C200
0002
7400
C200
0003
7400
C200
0004
7400
C200
65E0
C400
0805
2600
0002
8400
CC00
65E0
0001
8400
03E8
1003
A000
0143
1025
A000
@EBF1
9546
